Div,Date,HomeTeam,AwayTeam,FTHG,FTAG,FTR,HTHG,HTAG,HTR,Referee,HS,AS,HST,AST,HF,AF,HC,AC,HY,AY,HR,AR,B365H,B365D,B365A,BWH,BWD,BWA,IWH,IWD,IWA,LBH,LBD,LBA,PSH,PSD,PSA,WHH,WHD,WHA,VCH,VCD,VCA,Bb1X2,BbMxH,BbAvH,BbMxD
E0,13-08-2016,Burnley,Swansea,0,1,A,0,0,D,J Moss,10,17,3,9,10,14,7,4,3,2,0,0,2.4,3.3,3.25,2.45,3.1,2.95,2.5,3.3,2.65,2.45,3.25,3.1,2.47,3.32,3.19,2.5,3.2,2.9,2.5,3.2,3.25,55,2.55,2.43,3.35
E0,13-08-2016,Crystal Palace,West Brom,0,1,A,0,0,D,C Pawson,14,13,4,3,12,15,3,6,2,2,0,0,2,3.3,4.5,2,3.2,3.9,2.1,3.3,3.3,2,3.25,4.33,2.06,3.29,4.32,2.05,3.1,4,2,3.3,4.4,56,2.1,2.01,3.4
E0,13-08-2016,Everton,Tottenham,1,1,D,1,0,H,M Atkinson,12,13,6,4,10,14,5,6,0,0,0,0,3.2,3.4,2.4,2.95,3.2,2.4,2.65,3.3,2.5,3.1,3.4,2.4,3.25,3.43,2.37,3.1,3.1,2.4,3.25,3.4,2.38,55,3.3,3.12,3.45
E0,13-08-2016,Hull,Leicester,2,1,H,1,0,H,M Dean,14,18,5,5,8,17,5,3,2,2,0,0,4.5,3.6,1.91,4.33,3.4,1.9,3.3,3.3,2.1,4.5,3.5,1.91,4.43,3.55,1.95,4.2,3.25,1.95,4.4,3.5,1.95,55,4.5,4.17,3.6
E0,13-08-2016,Man City,Sunderland,2,1,H,1,0,H,R Madley,16,7,4,3,11,14,9,6,1,2,0,0,1.25,6.5,15,1.22,6,11.5,1.25,5.5,10.3,1.25,6.5,13,1.27,6.48,13.15,1.25,5.5,13,1.25,6.5,15,56,1.3,1.25,6.8
E0,13-08-2016,Middlesbrough,Stoke,1,1,D,1,0,H,K Friend,12,12,2,1,18,14,9,6,3,5,0,0,2.38,3.2,3.4,2.25,3.1,3.25,2.3,3.3,2.9,2.3,3.2,3.4,2.33,3.24,3.53,2.4,3.1,3.1,2.38,3.2,3.4,56,2.4,2.31,3.3
E0,13-08-2016,Southampton,Watford,1,1,D,0,1,A,R East,24,5,6,1,8,12,6,2,1,2,0,1,1.8,3.75,5,1.8,3.4,4.5,1.8,3.5,4.2,1.8,3.6,5,1.88,3.68,4.64,1.83,3.4,4.5,1.83,3.6,5,56,1.88,1.82,3.8
E0,14-08-2016,Arsenal,Liverpool,3,4,A,1,1,D,M Oliver,9,16,5,7,13,17,5,4,3,3,0,0,2.4,3.5,3.1,2.35,3.3,2.9,2.3,3.3,2.9,2.38,3.4,3.1,2.41,3.53,3.1,2.5,3.1,3,2.4,3.5,3.1,55,2.5,2.36,3.55
E0,14-08-2016,Bournemouth,Man United,1,3,A,0,1,A,A Marriner,9,11,3,7,7,10,4,2,0,1,0,0,4.75,3.6,1.85,4.6,3.5,1.75,4.5,3.5,1.75,4.8,3.6,1.8,4.7,3.62,1.88,4.5,3.4,1.85,4.75,3.6,1.87,55,5,4.5,3.75
E0,15-08-2016,Chelsea,West Ham,2,1,H,0,0,D,A Taylor,16,7,6,3,16,16,7,1,5,2,0,0,1.65,4,6,1.6,3.75,5.5,1.65,3.6,5.1,1.62,4,6,1.68,4.16,5.48,1.67,3.6,5.5,1.65,4.1,5.75,52,1.71,1.64,4.25
E0,19-08-2016,Man United,Southampton,2,0,H,1,0,H,A Taylor,12,13,5,1,11,8,4,0,0,0,0,0,1.53,4.2,7.5,1.48,4.33,8,1.4,4.4,7.3,1.53,4.2,7.5,1.54,4.33,7.19,1.44,4.33,7.5,1.55,4.1,7.5,56,1.62,1.52,4.45
E0,20-08-2016,Burnley,Liverpool,2,0,H,2,0,H,L Mason,3,26,2,5,14,5,1,12,0,1,0,0,6.5,4.2,1.57,6.5,4,1.55,5.6,3.9,1.55,6.5,4.1,1.57,7.12,4.2,1.56,7,3.5,1.57,7,4.2,1.55,55,7.12,6.43,4.35
E0,20-08-2016,Leicester,Arsenal,0,0,D,0,0,D,M Clattenburg,8,13,1,4,11,7,2,7,1,2,0,0,2.88,3.6,2.5,2.75,3.6,2.45,2.75,3.3,2.4,2.9,3.6,2.4,2.92,3.6,2.5,2.88,3.2,2.5,2.9,3.6,2.5,56,3,2.87,3.63
E0,20-08-2016,Stoke,Man City,1,4,A,0,2,A,M Dean,8,12,3,6,12,13,7,7,3,4,0,0,5.5,3.8,1.73,5.25,3.8,1.67,4.7,3.6,1.7,5.5,3.75,1.73,5.47,3.96,1.71,5,3.5,1.73,5.4,3.9,1.73,57,5.63,5.11,4
E0,20-08-2016,Swansea,Hull,0,2,A,0,0,D,S Attwell,13,12,3,4,7,10,8,3,0,0,0,0,1.8,3.6,5.25,1.75,3.6,5,1.8,3.5,4.2,1.8,3.5,5.2,1.78,3.61,5.5,1.83,3.2,4.8,1.8,3.6,5.25,56,1.86,1.79,3.7
E0,20-08-2016,Tottenham,Crystal Palace,1,0,H,0,0,D,M Oliver,20,10,5,2,19,9,10,4,3,3,0,0,1.45,4.75,8,1.44,4.5,7.75,1.5,4,6.1,1.45,4.5,8,1.47,4.78,7.82,1.5,3.6,8.5,1.45,4.75,8,56,1.51,1.46,4.78
E0,20-08-2016,Watford,Chelsea,1,2,A,0,0,D,J Moss,6,13,2,4,20,10,0,5,4,3,0,0,5.5,3.8,1.73,5.5,3.7,1.67,4.2,3.5,1.8,5.25,3.75,1.73,5.44,3.74,1.76,5.5,3.3,1.73,5.75,3.75,1.73,56,5.75,5.22,3.85
E0,20-08-2016,West Brom,Everton,1,2,A,1,1,D,N Swarbrick,11,13,4,7,16,10,7,4,3,1,0,0,3,3.25,2.6,2.95,3.1,2.55,2.85,3.2,2.4,3,3.2,2.6,3.11,3.19,2.6,2.7,3.2,2.62,3.13,3.2,2.55,56,3.13,2.97,3.3
E0,21-08-2016,Sunderland,Middlesbrough,1,2,A,0,2,A,M Atkinson,18,8,5,3,11,14,8,1,1,1,0,0,2.55,3.2,3.1,2.5,3.1,3.1,2.3,3.2,3,2.5,3.2,3.1,2.61,3.22,3.06,2.6,3.2,2.75,2.63,3.13,3.1,56,2.64,2.52,3.25
E0,21-08-2016,West Ham,Bournemouth,1,0,H,0,0,D,C Pawson,15,8,2,5,15,15,1,6,3,1,0,1,1.95,3.75,4,1.91,3.6,4,1.8,3.5,4.2,1.95,3.6,4.1,1.98,3.75,4.02,1.91,3.2,4.33,1.95,3.75,4,55,2.03,1.94,3.85
E0,27-08-2016,Chelsea,Burnley,3,0,H,2,0,H,M Clattenburg,22,6,10,0,6,9,9,5,2,2,0,0,1.25,5.5,15,1.25,6,12,1.25,5.5,10.3,1.29,5.5,13,1.26,6.35,14.35,1.29,5,12,1.25,6,15,54,1.3,1.25,6.35
E0,27-08-2016,Crystal Palace,Bournemouth,1,1,D,0,1,A,M Dean,24,10,5,3,15,10,10,4,2,1,0,0,2.3,3.2,3.3,2.35,3.2,3.2,2.4,3.3,2.75,2.38,3.25,3.25,2.33,3.38,3.39,2.38,3.2,3.1,2.38,3.3,3.4,54,2.4,2.31,3.4
E0,27-08-2016,Everton,Stoke,1,0,H,0,0,D,M Oliver,21,8,9,1,14,11,9,2,2,1,0,0,1.73,3.6,5.25,1.72,3.75,5,1.7,3.6,4.7,1.73,3.75,5.25,1.74,3.79,5.55,1.75,3.6,4.75,1.73,3.8,5.5,54,1.77,1.72,3.8
E0,27-08-2016,Hull,Man United,0,1,A,0,0,D,J Moss,8,29,2,9,9,6,1,6,2,3,0,0,8,4.1,1.44,7,4.5,1.45,6.1,4,1.5,8,4.5,1.45,8.35,4.6,1.46,7,4,1.5,8.5,4.5,1.45,55,8.5,7.8,4.6
E0,27-08-2016,Leicester,Swansea,2,1,H,1,0,H,R East,13,9,6,3,14,10,4,6,2,2,0,0,1.73,3.6,5.25,1.72,3.75,5,1.75,3.5,4.5,1.75,3.5,5.5,1.71,3.88,5.57,1.73,3.6,5,1.73,3.75,5.5,54,1.78,1.72,3.88
E0,27-08-2016,Southampton,Sunderland,1,1,D,0,0,D,L Mason,16,5,7,2,15,8,5,5,2,2,0,0,1.57,3.6,6.5,1.6,3.9,6,1.65,3.6,5.1,1.62,3.8,6.5,1.61,4.03,6.63,1.62,3.6,6,1.62,4,6.5,54,1.65,1.6,4.15
E0,27-08-2016,Tottenham,Liverpool,1,1,D,0,1,A,R Madley,11,13,4,3,11,17,5,5,3,5,0,0,2.38,3.4,3,2.4,3.5,2.9,2.4,3.3,2.75,2.4,3.5,3,2.36,3.56,3.17,2.38,3.4,2.9,2.4,3.5,3.1,55,2.5,2.37,3.57
E0,27-08-2016,Watford,Arsenal,1,3,A,0,3,A,K Friend,14,10,6,7,18,15,3,2,6,1,0,0,5,3.75,1.73,5,3.75,1.72,4.5,3.5,1.75,5,3.75,1.75,5.47,3.91,1.72,4.6,3.75,1.73,5.25,3.9,1.73,55,5.5,5.12,3.91
E0,28-08-2016,Man City,West Ham,3,1,H,2,0,H,A Marriner,22,9,5,2,5,10,5,4,1,3,0,0,1.25,6,11,1.28,6,10,1.25,5.5,10.3,1.3,6,10,1.3,6.3,10.91,1.3,5.5,9.5,1.3,6,11,52,1.33,1.28,6.3
E0,28-08-2016,West Brom,Middlesbrough,0,0,D,0,0,D,A Taylor,13,7,2,2,12,11,5,4,1,3,0,0,2.6,3.1,2.9,2.5,3.1,3.1,2.5,3.2,2.75,2.62,3,3.1,2.6,3.09,3.2,2.6,2.9,3,2.63,3,3.2,54,2.63,2.56,3.2
E0,10-09-2016,Arsenal,Southampton,2,1,H,1,1,D,R Madley,17,11,2,5,10,8,6,1,2,5,0,0,1.57,4.2,6.5,1.55,4.2,6,1.55,3.9,5.6,1.57,4.2,6.5,1.6,4.35,6.15,1.62,3.5,6.5,1.57,4.33,6.5,56,1.63,1.57,4.39
E0,10-09-2016,Bournemouth,West Brom,1,0,H,0,0,D,K Friend,12,12,5,2,9,11,10,5,1,3,0,0,2.05,3.25,4.33,2,3.3,4,2.1,3.2,3.4,2.05,3.25,4.2,2.05,3.31,4.33,2.1,3,4,2.05,3.25,4.33,56,2.1,2.02,3.4
E0,10-09-2016,Burnley,Hull,1,1,D,0,0,D,P Tierney,13,11,2,3,13,3,5,9,2,0,0,0,2.45,3.1,3.4,2.4,3.1,3.2,2.5,3.2,2.75,2.4,3.2,3.25,2.44,3.21,3.36,2.3,3.1,3.3,2.4,3.2,3.4,56,2.5,2.41,3.21
E0,10-09-2016,Liverpool,Leicester,4,1,H,2,1,H,C Pawson,17,12,11,3,4,8,1,7,1,2,0,0,1.7,4,5.5,1.67,4,5.5,1.6,3.7,5.4,1.7,3.8,5.5,1.7,3.97,5.54,1.7,3.75,5.5,1.67,4.1,5.5,57,1.7,1.66,4.24
E0,10-09-2016,Man United,Man City,1,2,A,1,2,A,M Clattenburg,14,18,3,6,15,10,4,4,4,2,0,0,2.38,3.25,3.4,2.3,3.3,3.5,2.4,3.2,2.85,2.38,3.25,3.3,2.38,3.31,3.35,2.38,3.2,3.4,2.3,3.3,3.4,57,2.4,2.32,3.37
E0,10-09-2016,Middlesbrough,Crystal Palace,1,2,A,1,1,D,N Swarbrick,12,12,4,4,5,9,6,6,1,2,0,0,2.3,3.2,3.6,2.2,3.2,3.5,2.2,3.2,3.2,2.3,3.2,3.5,2.31,3.2,3.65,2.38,3.1,3.2,2.3,3.13,3.7,56,2.38,2.27,3.25
E0,10-09-2016,Stoke,Tottenham,0,4,A,0,1,A,A Taylor,15,20,2,8,13,18,10,8,3,2,0,0,4.6,3.75,1.85,4.6,3.6,1.8,4,3.45,1.85,4.33,3.75,1.85,4.34,3.82,1.89,4.8,3.2,1.85,4.75,3.6,1.87,57,4.8,4.38,3.9
E0,10-09-2016,West Ham,Watford,2,4,A,2,2,D,M Atkinson,19,13,4,8,10,15,4,4,2,2,0,0,1.91,3.6,4.5,1.83,3.5,4.5,1.8,3.5,4.2,1.91,3.5,4.5,1.9,3.6,4.62,1.91,3.2,4.5,1.93,3.5,4.5,56,1.95,1.88,3.7
E0,11-09-2016,Swansea,Chelsea,2,2,D,0,1,A,A Marriner,6,28,2,7,17,8,1,11,3,4,0,0,5.75,4,1.67,5.75,4,1.65,5.1,3.6,1.65,5.5,4,1.67,5.77,4.17,1.65,6,3.6,1.62,5.75,4,1.65,57,6,5.45,4.2
E0,12-09-2016,Sunderland,Everton,0,3,A,0,0,D,M Jones,11,20,2,9,11,8,5,4,1,1,0,0,3.8,3.5,2.1,3.8,3.5,2.1,3.3,3.3,2.1,3.8,3.4,2.1,3.75,3.6,2.1,3.75,3.2,2.1,3.7,3.4,2.15,55,3.8,3.59,3.6
E0,16-09-2016,Chelsea,Liverpool,1,2,A,0,2,A,M Atkinson,12,13,4,5,6,13,6,4,1,1,0,0,2.25,3.5,3.4,2.25,3.5,3.3,2.3,3.3,3.15,2.25,3.5,3.3,2.28,3.49,3.4,2.3,3.4,3.4,2.3,3.5,3.3,57,2.33,2.25,3.65
E0,17-09-2016,Everton,Middlesbrough,3,1,H,3,1,H,L Mason,11,7,6,0,5,15,6,3,2,1,0,0,1.67,3.8,6,1.65,3.8,5.5,1.7,3.7,5,1.65,3.8,6,1.65,3.99,6.19,1.7,3.2,6,1.65,4,6,57,1.7,1.65,4.05
E0,17-09-2016,Hull,Arsenal,1,4,A,0,1,A,R East,6,24,2,9,9,12,2,4,0,2,1,0,6,4.2,1.6,6,4,1.57,5.5,4,1.6,6,4.2,1.57,6.03,4.2,1.6,6,3.6,1.62,6.5,4.1,1.6,57,6.5,5.94,4.27
E0,17-09-2016,Leicester,Burnley,3,0,H,1,0,H,A Taylor,14,7,6,2,10,9,7,1,0,1,0,0,1.5,4.33,8,1.53,4.1,6.5,1.6,4,5.5,1.5,4.2,7.5,1.46,4.49,8.87,1.5,3.75,8,1.45,4.6,8.5,56,1.6,1.48,4.64
E0,17-09-2016,Man City,Bournemouth,4,0,H,2,0,H,J Moss,20,6,12,2,8,11,5,5,1,1,1,0,1.29,6,12,1.26,6.25,10,1.25,6,11,1.29,5.75,12,1.28,6.24,12.78,1.29,5,12,1.29,6.25,12,56,1.35,1.28,6.39
E0,17-09-2016,West Brom,West Ham,4,2,H,3,0,H,M Clattenburg,8,23,6,5,14,6,2,6,2,1,0,0,2.8,3.2,2.8,2.75,3.1,2.75,2.6,3.25,2.75,2.7,3.2,2.88,2.9,3.19,2.76,2.7,3.1,2.7,2.8,3.2,2.8,55,2.9,2.73,3.3
E0,18-09-2016,Crystal Palace,Stoke,4,1,H,2,0,H,C Pawson,14,11,8,4,15,9,10,5,2,1,0,0,2,3.5,4.2,2,3.4,3.9,2.1,3.4,3.5,2,3.4,4.2,2.09,3.37,4.08,2.05,3.1,4,2.05,3.4,4,57,2.1,2.03,3.51
E0,18-09-2016,Southampton,Swansea,1,0,H,0,0,D,M Jones,19,9,6,3,14,9,7,1,1,1,0,0,1.7,3.8,5.75,1.65,3.6,5.25,1.7,3.7,5,1.7,3.75,5.5,1.68,3.84,6.17,1.7,3.4,5.5,1.7,3.8,5.5,56,1.73,1.68,3.97
E0,18-09-2016,Tottenham,Sunderland,1,0,H,0,0,D,M Dean,31,6,9,2,7,16,14,1,1,5,0,1,1.33,5.5,11,1.28,5.5,9.25,1.35,5.3,8,1.3,5.5,11,1.35,5.52,10.26,1.33,4.33,12,1.33,5.5,10,57,1.39,1.33,5.8
E0,18-09-2016,Watford,Man United,3,1,H,1,0,H,M Oliver,10,15,5,2,14,19,5,7,3,4,0,0,6,4.2,1.62,5.5,4,1.62,5.5,4,1.6,6,4.1,1.6,5.8,4.12,1.65,6,3.6,1.62,6,4.1,1.62,57,6.4,5.67,4.2
E0,24-09-2016,Arsenal,Chelsea,3,0,H,3,0,H,M Oliver,14,9,5,2,9,11,9,1,0,2,0,0,2.4,3.5,3.1,2.4,3.4,3.1,2.35,3.3,3.05,2.4,3.4,3.1,2.35,3.53,3.21,2.4,3.2,3.2,2.38,3.6,3.13,55,2.46,2.35,3.6
E0,24-09-2016,Bournemouth,Everton,1,0,H,1,0,H,R Madley,12,13,1,2,10,14,5,3,2,2,0,0,3.6,3.5,2.15,3.6,3.4,2.1,3.5,3.4,2.1,3.6,3.4,2.15,3.79,3.57,2.1,3.6,3.4,2.15,3.6,3.5,2.15,55,3.79,3.55,3.58
E0,24-09-2016,Liverpool,Hull,5,1,H,3,0,H,A Marriner,32,2,12,1,8,8,13,2,1,2,0,1,1.22,7,15,1.22,6.5,13,1.25,6,11,1.22,6.5,14,1.23,7,15.54,1.25,6,13,1.22,7,15,56,1.27,1.22,7.27
E0,24-09-2016,Man United,Leicester,4,1,H,4,0,H,M Dean,16,10,7,3,9,12,8,6,0,2,0,0,1.73,3.9,5.25,1.67,4,5.5,1.65,3.8,5.3,1.73,3.9,5,1.74,3.86,5.39,1.7,3.75,5.5,1.73,3.9,5.25,57,1.76,1.71,4.05
E0,24-09-2016,Middlesbrough,Tottenham,1,2,A,0,2,A,G Scott,6,19,2,5,14,9,2,10,2,1,0,0,3.75,3.5,2.1,3.75,3.5,2,4.1,3.5,1.9,3.75,3.4,2.1,3.73,3.48,2.15,4,3.4,2,3.8,3.4,2.15,55,4.1,3.7,3.5
E0,24-09-2016,Stoke,West Brom,1,1,D,0,0,D,M Atkinson,12,9,2,3,9,13,6,6,3,4,0,0,2.38,3.3,3.3,2.3,3.2,3.3,2.3,3.3,3.15,2.38,3.25,3.25,2.34,3.35,3.4,2.3,3.3,3.3,2.4,3.2,3.4,55,2.4,2.33,3.4
E0,24-09-2016,Sunderland,Crystal Palace,2,3,A,1,0,H,A Taylor,11,20,4,4,15,12,3,5,0,2,0,0,2.88,3.25,2.7,2.8,3.2,2.6,2.7,3.3,2.6,2.88,3.25,2.62,2.88,3.3,2.7,2.8,3.2,2.7,2.88,3.3,2.7,56,2.95,2.81,3.35
E0,24-09-2016,Swansea,Man City,1,3,A,1,1,D,N Swarbrick,13,18,5,4,15,9,2,7,2,4,0,0,9,5.5,1.36,7.5,5,1.4,7.5,4.8,1.4,8.5,5.25,1.36,9.45,5.31,1.38,9,4.5,1.4,9.5,5.4,1.36,55,9.5,8.38,5.5
E0,25-09-2016,West Ham,Southampton,0,3,A,0,1,A,J Moss,13,18,1,9,9,14,6,2,5,2,0,0,2.8,3.3,2.75,2.8,3.3,2.7,2.7,3.3,2.6,2.8,3.25,2.7,2.83,3.35,2.72,2.8,3.2,2.7,2.8,3.4,2.63,56,2.9,2.78,3.44
E0,26-09-2016,Burnley,Watford,2,0,H,1,0,H,M Jones,13,12,4,3,11,15,7,6,1,3,0,0,2.9,3.2,2.7,2.9,3.2,2.65,2.65,3.3,2.65,2.9,3.2,2.62,3.09,3.21,2.59,2.75,3.25,2.7,3,3.2,2.6,53,3.09,2.9,3.34
E0,30-09-2016,Everton,Crystal Palace,1,1,D,1,0,H,J Moss,13,10,3,2,16,11,10,9,5,4,0,0,1.73,4,5,1.72,3.75,5,1.75,3.6,4.8,1.73,3.9,5,1.74,3.95,5.25,1.75,3.8,5,1.75,3.9,5,54,1.77,1.73,4.02
E0,01-10-2016,Hull,Chelsea,0,2,A,0,0,D,A Taylor,8,22,3,9,13,15,5,7,2,2,0,0,7.5,4.5,1.5,7,4.5,1.45,6.5,4.2,1.5,7,4.4,1.5,7.68,4.63,1.48,7,4.33,1.5,7.5,4.6,1.5,56,7.68,6.93,4.75
E0,01-10-2016,Sunderland,West Brom,1,1,D,0,1,A,S Attwell,7,17,2,7,7,13,6,5,1,3,0,0,2.5,3.25,3.2,2.45,3.1,3.1,2.5,3.3,2.85,2.4,3.2,3.25,2.47,3.24,3.26,2.5,3.1,3.2,2.45,3.25,3.25,55,2.55,2.44,3.3
E0,01-10-2016,Swansea,Liverpool,1,2,A,1,0,H,M Oliver,8,18,3,6,11,9,3,10,2,2,0,0,8,4.75,1.45,7,4.5,1.45,7,4.5,1.45,7.5,4.75,1.44,8.44,4.92,1.43,8,4.5,1.44,8,4.8,1.44,56,8.44,7.38,5.14
E0,01-10-2016,Watford,Bournemouth,2,2,D,0,1,A,M Dean,17,11,7,2,17,12,4,5,3,4,0,0,2.38,3.3,3.3,2.3,3.25,3.25,2.2,3.15,3.5,2.38,3.25,3.25,2.42,3.32,3.27,2.4,3.2,3.2,2.38,3.4,3.25,55,2.42,2.35,3.45
E0,01-10-2016,West Ham,Middlesbrough,1,1,D,0,0,D,N Swarbrick,19,9,2,3,13,12,4,5,2,3,0,0,2.25,3.4,3.5,2.1,3.4,3.6,2.1,3.4,3.5,2.2,3.4,3.5,2.23,3.35,3.66,2.3,3.3,3.3,2.2,3.4,3.6,55,2.3,2.21,3.5
E0,02-10-2016,Burnley,Arsenal,0,1,A,0,0,D,C Pawson,10,18,1,3,2,3,2,6,0,0,0,0,9,5,1.4,8.5,5,1.36,7.5,4.8,1.4,9,4.75,1.4,10.17,5.13,1.38,9.5,4.5,1.4,10,5,1.36,56,10.17,8.94,5.28
E0,02-10-2016,Leicester,Southampton,0,0,D,0,0,D,M Atkinson,9,11,1,5,9,9,3,6,1,0,0,0,2.25,3.4,3.5,2.2,3.3,3.4,2.1,3.4,3.5,2.25,3.4,3.4,2.24,3.35,3.63,2.25,3.25,3.5,2.2,3.4,3.6,55,2.3,2.21,3.45
E0,02-10-2016,Man United,Stoke,1,1,D,0,0,D,R Madley,24,7,9,6,14,9,13,2,3,0,0,0,1.33,5.75,10,1.3,5.5,10,1.33,5.5,8.2,1.33,5.5,10,1.35,5.46,10.61,1.33,5,11,1.33,5.5,11,56,1.41,1.34,5.75
E0,02-10-2016,Tottenham,Man City,2,0,H,2,0,H,A Marriner,13,12,7,6,20,10,4,3,2,2,0,0,3,3.5,2.5,3,3.4,2.35,3.35,3.3,2.2,3.1,3.4,2.4,2.99,3.54,2.48,3,3.4,2.4,2.9,3.5,2.5,56,3.35,2.96,3.6
E0,15-10-2016,Arsenal,Swansea,3,2,H,2,1,H,J Moss,16,13,6,6,7,10,5,6,0,1,1,0,1.29,6.5,11,1.26,6.25,10,1.25,6,11,1.29,5.75,12,1.28,6.15,12.8,1.29,5.5,12,1.29,6,12,49,1.32,1.28,6.5
E0,15-10-2016,Bournemouth,Hull,6,1,H,3,1,H,L Mason,22,11,10,4,8,14,5,4,0,3,0,0,1.85,3.5,5,1.8,3.5,4.75,1.85,3.5,4.3,1.85,3.5,4.75,1.83,3.61,5.05,1.85,3.4,4.8,1.83,3.6,5,49,1.9,1.83,3.71
E0,15-10-2016,Chelsea,Leicester,3,0,H,2,0,H,A Marriner,16,5,6,0,6,12,8,5,1,1,0,0,1.57,4.5,6,1.57,4.33,6.25,1.6,3.9,5.7,1.57,4.2,6,1.58,4.33,6.3,1.6,3.8,6.5,1.6,4.2,6.25,50,1.63,1.58,4.5
E0,15-10-2016,Crystal Palace,West Ham,0,1,A,0,1,A,M Atkinson,12,12,3,4,12,13,7,6,1,3,0,1,2.15,3.5,3.6,2,3.5,3.75,2.2,3.35,3.3,2.1,3.5,3.6,2.14,3.52,3.71,2.2,3.1,3.75,2.1,3.6,3.7,49,2.2,2.1,3.62
E0,15-10-2016,Man City,Everton,1,1,D,0,0,D,M Oliver,19,3,8,2,7,9,13,1,0,2,0,0,1.5,4.75,7,1.48,4.75,6.25,1.45,4.4,7.2,1.5,4.6,6.5,1.52,4.68,6.82,1.5,4.33,7,1.5,4.8,6.5,49,1.56,1.5,4.85
E0,15-10-2016,Stoke,Sunderland,2,0,H,2,0,H,M Jones,18,11,6,1,10,13,6,4,1,1,0,0,2,3.6,4,1.95,3.5,4,2.1,3.4,3.5,2,3.5,4,1.98,3.51,4.34,2.05,3.3,4,1.95,3.6,4.3,49,2.1,1.99,3.6
E0,15-10-2016,West Brom,Tottenham,1,1,D,0,0,D,K Friend,8,20,4,8,14,10,5,8,2,2,0,0,5.5,3.8,1.73,5.25,3.8,1.67,4.8,3.6,1.75,5.25,3.6,1.75,5.45,3.91,1.72,5.5,3.4,1.75,5.5,3.75,1.73,49,5.65,5.27,3.95
E0,16-10-2016,Middlesbrough,Watford,0,1,A,0,0,D,R East,10,4,3,2,15,10,4,6,4,1,0,0,2.25,3.3,3.6,2.2,3.1,3.6,2.3,3.3,3.15,2.2,3.25,3.6,2.33,3.27,3.51,2.3,3.1,3.6,2.3,3.2,3.6,49,2.33,2.25,3.4
E0,16-10-2016,Southampton,Burnley,3,1,H,0,0,D,M Dean,34,6,14,1,11,10,8,4,1,2,0,0,1.4,4.8,9.5,1.4,4.5,9,1.4,4.8,7.5,1.4,4.75,9,1.39,4.89,10.41,1.4,4.5,10,1.36,4.8,10.5,49,1.44,1.39,5.06
E0,17-10-2016,Liverpool,Man United,0,0,D,0,0,D,A Taylor,9,7,3,1,14,20,3,1,0,4,0,0,2.2,3.5,3.5,2.15,3.5,3.6,2.1,3.4,3.5,2.2,3.4,3.5,2.19,3.51,3.58,2.25,3.1,3.6,2.15,3.5,3.5,48,2.27,2.16,3.59
E0,22-10-2016,Arsenal,Middlesbrough,0,0,D,0,0,D,M Dean,9,11,5,4,6,13,8,3,1,0,0,0,1.25,6.5,15,1.25,6,12,1.25,6,11,1.25,6,13,1.27,6.28,13.55,1.25,6,13,1.22,6.25,12,54,1.31,1.26,6.5
E0,22-10-2016,Bournemouth,Tottenham,0,0,D,0,0,D,C Pawson,8,16,1,4,10,15,7,4,2,4,0,0,4.2,3.6,1.95,4.1,3.6,1.95,3.8,3.4,2,4,3.5,2,4.12,3.7,1.97,4,3.4,2,4.1,3.7,1.95,55,4.2,3.94,3.75
E0,22-10-2016,Burnley,Everton,2,1,H,1,0,H,M Jones,9,20,3,8,16,15,2,8,2,3,0,0,6,3.8,1.67,6,3.8,1.62,4.8,3.6,1.75,6,3.75,1.67,6.05,3.87,1.68,6,3.6,1.67,6.25,3.8,1.67,54,6.5,5.84,3.99
E0,22-10-2016,Hull,Stoke,0,2,A,0,1,A,K Friend,9,12,2,6,16,8,5,7,2,3,0,0,3.1,3.3,2.5,2.95,3.2,2.5,2.7,3.2,2.7,3,3.3,2.5,3.16,3.35,2.46,3.1,3.2,2.5,3.1,3.3,2.5,54,3.16,3.01,3.4
E0,22-10-2016,Leicester,Crystal Palace,3,1,H,1,0,H,M Oliver,17,23,4,7,10,8,8,8,0,0,0,0,2.05,3.5,3.9,2.05,3.4,3.7,2,3.4,3.8,2.05,3.4,4,2.06,3.44,4.1,2.05,3.3,4,2.05,3.5,4,54,2.1,2.04,3.5
E0,22-10-2016,Liverpool,West Brom,2,1,H,2,0,H,N Swarbrick,21,6,7,1,9,13,3,2,1,3,0,0,1.29,6,13,1.28,6,12,1.3,5.5,9.5,1.29,6,11,1.28,6.26,12.86,1.29,6,11,1.29,6,12,54,1.33,1.28,6.33
E0,22-10-2016,Swansea,Watford,0,0,D,0,0,D,P Tierney,11,10,5,2,15,16,7,2,2,1,0,0,2.38,3.3,3.3,2.3,3.25,3.25,2.3,3.3,3.15,2.38,3.25,3.3,2.33,3.35,3.42,2.3,3.4,3.2,2.3,3.4,3.4,54,2.4,2.31,3.47
E0,22-10-2016,West Ham,Sunderland,1,0,H,0,0,D,R Madley,20,10,3,2,10,13,6,2,2,5,0,0,1.67,4,5.75,1.7,3.8,5,1.75,3.6,4.8,1.7,3.75,5.5,1.68,4.07,5.52,1.7,3.75,5.5,1.7,4,5.4,54,1.75,1.68,4.15
E0,23-10-2016,Chelsea,Man United,4,0,H,2,0,H,M Atkinson,14,16,6,5,7,17,5,7,3,2,0,0,2.15,3.4,3.8,2.25,3.3,3.6,2.2,3.3,3.35,2.25,3.25,3.6,2.24,3.31,3.68,2.25,3.1,3.6,2.2,3.4,3.6,54,2.27,2.21,3.4
E0,23-10-2016,Man City,Southampton,1,1,D,0,1,A,M Clattenburg,14,6,3,2,11,10,10,3,3,3,0,0,1.5,4.5,7.5,1.5,4.5,7,1.5,4.2,6.5,1.5,4.6,6.5,1.5,4.63,7.3,1.5,4.33,7,1.5,4.6,7,54,1.54,1.49,4.75
E0,29-10-2016,Crystal Palace,Liverpool,2,4,A,2,3,A,A Marriner,7,17,6,10,15,5,3,3,1,2,0,0,5.25,4,1.7,5,4,1.72,4.8,3.6,1.75,4.75,4,1.75,4.9,3.92,1.78,5,3.8,1.75,5,3.9,1.75,56,5.5,4.82,4.2
E0,29-10-2016,Man United,Burnley,0,0,D,0,0,D,M Clattenburg,37,7,11,1,12,9,19,1,1,3,1,0,1.2,7,19,1.2,6.5,15,1.2,6.5,15,1.22,6.5,17,1.22,6.9,18.5,1.22,6,17,1.2,7,17,55,1.25,1.21,7.05
E0,29-10-2016,Middlesbrough,Bournemouth,2,0,H,1,0,H,S Attwell,10,15,3,3,3,5,4,7,1,1,0,0,2.5,3.2,3.2,2.45,3.1,3.1,2.5,3.1,3,2.5,3.1,3.2,2.57,3.15,3.19,2.6,3,3.1,2.5,3.2,3.2,56,2.6,2.49,3.24
E0,29-10-2016,Sunderland,Arsenal,1,4,A,0,1,A,M Atkinson,3,21,1,7,9,13,0,8,4,3,0,0,9,5,1.4,8,5.25,1.4,7.5,4.8,1.4,8,5,1.4,8.25,5.1,1.42,8.5,4.8,1.4,8.5,5.2,1.4,57,9,7.88,5.25
E0,29-10-2016,Tottenham,Leicester,1,1,D,1,0,H,R Madley,22,6,5,1,11,20,8,1,3,4,0,0,1.62,4.2,6,1.62,4,5.5,1.65,3.8,5.3,1.67,4,5.5,1.64,4.1,6.03,1.67,3.6,6,1.67,4,5.75,56,1.68,1.63,4.24
E0,29-10-2016,Watford,Hull,1,0,H,0,0,D,J Moss,22,8,0,2,13,8,7,2,1,2,0,0,1.75,3.75,5.25,1.72,3.75,5,1.75,3.6,4.8,1.75,3.6,5.25,1.75,3.72,5.6,1.75,3.5,5.5,1.75,3.7,5.5,56,1.81,1.75,3.82
E0,29-10-2016,West Brom,Man City,0,4,A,0,2,A,L Mason,9,21,1,8,17,10,1,7,4,3,0,0,8,4.75,1.44,7,4.5,1.45,7,4.5,1.45,8,4.5,1.44,7.48,4.57,1.5,8,4.5,1.44,8,4.6,1.45,56,8.5,7.45,4.75
E0,30-10-2016,Everton,West Ham,2,0,H,0,0,D,A Taylor,17,13,6,3,15,12,8,8,2,3,0,0,1.8,3.8,4.75,1.8,3.9,4.5,1.75,3.6,4.8,1.83,3.75,4.5,1.81,3.84,4.8,1.83,3.6,4.5,1.8,4,4.6,56,1.86,1.79,4.01
E0,30-10-2016,Southampton,Chelsea,0,2,A,0,1,A,M Jones,9,13,1,7,13,16,7,3,0,0,0,0,3.2,3.4,2.4,3.1,3.4,2.4,3.3,3.35,2.2,3,3.4,2.45,3.2,3.37,2.43,3.2,3.2,2.4,3.1,3.3,2.45,56,3.3,3.1,3.45
E0,31-10-2016,Stoke,Swansea,3,1,H,1,1,D,M Oliver,17,14,4,6,7,14,6,4,2,0,0,0,2.05,3.6,3.8,2.05,3.6,3.75,1.9,3.5,4.1,2.05,3.5,3.8,2.1,3.52,3.85,2.1,3.5,3.6,2.05,3.6,3.8,53,2.16,2.04,3.65
E0,05-11-2016,Bournemouth,Sunderland,1,2,A,1,1,D,M Dean,22,9,7,4,14,17,12,2,3,2,0,1,1.65,4.2,5.5,1.62,3.9,5.75,1.65,3.8,5.3,1.62,4.2,5.5,1.63,4.27,5.78,1.67,3.6,6,1.65,4,5.75,51,1.7,1.62,4.33
E0,05-11-2016,Burnley,Crystal Palace,3,2,H,2,0,H,A Taylor,14,16,7,5,11,12,4,7,1,2,0,0,3.3,3.3,2.38,3.2,3.25,2.35,2.95,3.3,2.4,3.25,3.25,2.38,3.42,3.37,2.32,3.3,3.1,2.4,3.5,3.3,2.3,51,3.5,3.32,3.37
E0,05-11-2016,Chelsea,Everton,5,0,H,3,0,H,R Madley,21,1,9,0,5,16,4,2,0,3,0,0,1.53,4.33,7,1.53,4.2,6.25,1.55,4,6.2,1.55,4.2,6.5,1.57,4.37,6.47,1.57,3.75,7,1.57,4.33,6.5,50,1.64,1.56,4.5
E0,05-11-2016,Man City,Middlesbrough,1,1,D,1,0,H,K Friend,25,5,7,3,7,15,8,2,1,3,0,0,1.22,7,15,1.2,6.75,14.5,1.2,6.5,15,1.22,6.5,15,1.23,7.16,14.22,1.22,6.5,13,1.22,7,15,51,1.27,1.22,7.35
E0,05-11-2016,West Ham,Stoke,1,1,D,0,0,D,A Marriner,9,12,2,4,11,10,6,4,4,1,0,0,2,3.6,4,2,3.5,3.8,2,3.4,3.8,2.05,3.5,3.8,2,3.59,4.13,2.05,3.3,4,2.05,3.6,3.9,51,2.05,2,3.68
E0,06-11-2016,Arsenal,Tottenham,1,1,D,1,0,H,M Clattenburg,15,10,2,3,11,17,7,2,1,2,0,0,1.95,3.6,4.2,1.95,3.6,3.9,2,3.4,3.8,1.95,3.5,4.2,1.95,3.59,4.35,2,3.2,4.33,1.95,3.5,4.2,51,2.03,1.94,3.71
E0,06-11-2016,Hull,Southampton,2,1,H,0,1,A,G Scott,6,19,2,7,13,15,1,10,0,5,0,0,5.75,3.8,1.7,5.5,3.8,1.65,5.3,3.8,1.65,5.5,3.8,1.7,5.73,3.88,1.7,5.5,3.6,1.7,5.75,3.75,1.7,51,5.75,5.46,3.9
E0,06-11-2016,Leicester,West Brom,1,2,A,0,0,D,C Pawson,5,11,2,5,8,8,5,6,0,2,0,0,1.8,3.6,5.25,1.78,3.6,4.75,1.75,3.6,4.8,1.75,3.6,5.2,1.78,3.63,5.49,1.8,3.3,5.5,1.8,3.6,5.2,51,1.85,1.78,3.75
E0,06-11-2016,Liverpool,Watford,6,1,H,3,0,H,M Oliver,28,11,17,8,14,10,6,3,1,2,0,0,1.29,6,12,1.26,6,11,1.3,5.5,9.5,1.29,6,11,1.29,6.19,11.8,1.3,5,13,1.29,6.25,13,51,1.37,1.28,6.4
E0,06-11-2016,Swansea,Man United,1,3,A,0,3,A,N Swarbrick,6,9,1,3,9,16,2,0,0,2,0,0,5,4,1.73,4.75,3.9,1.72,5.3,3.8,1.65,5,3.8,1.75,4.94,4.01,1.76,5,3.75,1.73,5,4,1.73,51,5.3,4.82,4.2
E0,19-11-2016,Crystal Palace,Man City,1,2,A,0,1,A,R Madley,9,10,2,4,12,15,2,7,1,2,0,0,6.5,4.5,1.53,6.25,4.4,1.5,6.5,4.2,1.5,6.5,4.33,1.53,6.28,4.57,1.56,6,4.2,1.57,6.25,4.5,1.55,52,6.6,6.09,4.62
E0,19-11-2016,Everton,Swansea,1,1,D,0,1,A,M Atkinson,14,5,6,3,13,12,10,3,4,2,0,0,1.6,4.33,6,1.55,4.1,6.25,1.55,4,6.2,1.6,4.1,6,1.58,4.26,6.52,1.57,4,6.5,1.6,4.3,6,52,1.63,1.58,4.4
E0,19-11-2016,Man United,Arsenal,1,1,D,0,0,D,A Marriner,12,5,5,1,14,11,10,4,3,3,0,0,2.6,3.4,2.9,2.5,3.4,2.8,2.6,3.25,2.75,2.5,3.3,3,2.61,3.33,2.97,2.62,3.1,3,2.6,3.4,2.9,52,2.72,2.54,3.47
E0,19-11-2016,Southampton,Liverpool,0,0,D,0,0,D,M Clattenburg,3,15,0,2,8,11,1,8,1,1,0,0,3.4,3.6,2.2,3.3,3.5,2.15,3.8,3.4,2,3.3,3.5,2.25,3.32,3.56,2.28,3.4,3.4,2.2,3.4,3.4,2.3,52,3.8,3.33,3.67
E0,19-11-2016,Stoke,Bournemouth,0,1,A,0,1,A,R East,14,9,6,2,17,10,3,4,3,2,0,0,2.3,3.4,3.4,2.2,3.25,3.5,2.1,3.4,3.5,2.25,3.4,3.4,2.26,3.43,3.49,2.3,3.3,3.3,2.3,3.4,3.4,52,2.33,2.25,3.65
E0,19-11-2016,Sunderland,Hull,3,0,H,1,0,H,L Mason,11,17,4,7,9,8,2,8,1,0,1,0,2.15,3.4,3.8,2.15,3.25,3.6,2.1,3.4,3.5,2.15,3.3,3.75,2.11,3.35,4.03,2.15,3.2,3.8,2.15,3.3,3.8,51,2.2,2.11,3.49
E0,19-11-2016,Tottenham,West Ham,3,2,H,0,1,A,M Dean,14,11,6,3,13,16,4,5,3,2,0,1,1.5,4.5,7.5,1.5,4.25,6.75,1.65,3.8,5.3,1.5,4.4,7,1.5,4.58,7.4,1.5,4.33,7,1.5,4.6,7,52,1.65,1.5,4.61
E0,19-11-2016,Watford,Leicester,2,1,H,2,1,H,N Swarbrick,10,10,3,2,12,18,4,6,2,3,0,0,2.8,3.3,2.75,2.7,3.3,2.65,2.7,3.2,2.7,2.8,3.25,2.7,2.91,3.3,2.68,2.8,3.1,2.75,2.88,3.3,2.7,52,2.91,2.8,3.46
E0,20-11-2016,Middlesbrough,Chelsea,0,1,A,0,1,A,J Moss,12,13,1,3,13,10,2,3,2,3,0,0,7,4,1.57,6.25,4.1,1.55,6.5,4.2,1.5,6.5,4.1,1.57,6.83,4.28,1.56,6.5,4,1.57,6.5,4.2,1.57,51,7.05,6.43,4.31
E0,21-11-2016,West Brom,Burnley,4,0,H,3,0,H,M Jones,16,5,6,2,12,12,4,3,0,0,0,0,1.95,3.4,4.5,1.95,3.3,4.33,1.9,3.5,4.1,1.95,3.3,4.5,1.92,3.39,4.93,1.95,3.3,4.5,1.95,3.3,4.6,51,2.04,1.92,3.5
E0,26-11-2016,Burnley,Man City,1,2,A,1,1,D,A Marriner,10,21,5,5,5,15,5,8,2,3,0,0,9,6,1.33,9.5,6,1.28,8,5.3,1.35,10,6,1.3,10.05,6.03,1.32,9,5.5,1.33,10.5,5.5,1.33,48,10.5,9.52,6.17
E0,26-11-2016,Chelsea,Tottenham,2,1,H,1,1,D,M Oliver,9,12,5,6,13,16,3,8,2,1,0,0,1.75,3.8,5.25,1.75,3.8,5,1.75,3.6,4.8,1.75,3.75,5,1.78,3.81,5.09,1.8,3.5,5,1.75,3.9,5,47,1.8,1.76,4.01
E0,26-11-2016,Hull,West Brom,1,1,D,0,1,A,P Tierney,10,11,4,2,7,10,2,6,3,2,0,0,3.1,3.2,2.6,2.9,3.2,2.55,2.75,3.25,2.6,3.1,3.2,2.5,3.3,3.18,2.48,3.1,3,2.6,3.2,3.2,2.5,48,3.3,3.1,3.25
E0,26-11-2016,Leicester,Middlesbrough,2,2,D,1,1,D,L Mason,11,6,3,2,15,12,2,3,4,4,0,0,1.91,3.6,4.5,1.85,3.4,4.6,1.8,3.6,4.5,1.91,3.5,4.33,1.87,3.65,4.72,1.91,3.4,4.5,1.91,3.5,4.6,48,1.94,1.88,3.65
E0,26-11-2016,Liverpool,Sunderland,2,0,H,0,0,D,A Taylor,27,6,7,1,5,9,9,4,1,3,0,0,1.17,8.5,19,1.17,7.5,15.5,1.2,6.5,15,1.17,8,17,1.19,8.68,16.06,1.2,7,17,1.18,8,18,48,1.21,1.17,9
E0,26-11-2016,Swansea,Crystal Palace,5,4,H,1,1,D,K Friend,18,12,9,4,12,24,10,6,4,5,0,0,2.63,3.4,2.88,2.55,3.2,2.9,2.4,3.3,2.95,2.62,3.25,2.88,2.67,3.32,2.9,2.62,3.2,2.9,2.7,3.4,2.8,48,2.7,2.61,3.44
E0,27-11-2016,Arsenal,Bournemouth,3,1,H,1,1,D,M Jones,16,9,3,3,12,13,3,10,3,5,0,0,1.4,5,9,1.42,4.75,7.5,1.35,5.3,8,1.4,5,8,1.43,5.04,8.05,1.4,4.8,8.5,1.44,5,8,48,1.47,1.42,5.3
E0,27-11-2016,Man United,West Ham,1,1,D,1,1,D,J Moss,17,6,8,2,16,16,8,4,3,1,0,0,1.45,4.75,8,1.48,4.5,6.75,1.45,4.5,7,1.45,4.6,7.5,1.5,4.62,7.46,1.5,4.33,7,1.45,4.6,7.5,49,1.52,1.48,4.9
E0,27-11-2016,Southampton,Everton,1,0,H,1,0,H,C Pawson,17,13,7,1,11,15,5,2,0,2,0,0,2.2,3.4,3.6,2.1,3.3,3.7,2.1,3.4,3.5,2.15,3.4,3.6,2.19,3.35,3.78,2.2,3.2,3.6,2.2,3.3,3.7,47,2.24,2.15,3.5
E0,27-11-2016,Watford,Stoke,0,1,A,0,1,A,R Madley,11,14,2,1,24,14,3,3,3,0,1,0,2.4,3.3,3.3,2.3,3.3,3.2,2.4,3.3,2.95,2.4,3.25,3.2,2.39,3.32,3.32,2.4,3.2,3.2,2.45,3.3,3.2,48,2.45,2.38,3.4
E0,03-12-2016,Crystal Palace,Southampton,3,0,H,2,0,H,N Swarbrick,9,17,4,3,11,13,4,9,3,1,0,0,3.5,3.3,2.3,3.2,3.4,2.25,2.95,3.3,2.4,3.4,3.3,2.25,3.58,3.39,2.24,3.4,3.2,2.3,3.5,3.4,2.25,45,3.58,3.38,3.41
E0,03-12-2016,Man City,Chelsea,1,3,A,1,0,H,A Taylor,14,10,5,4,14,9,9,2,2,3,2,0,2.15,3.6,3.6,2.15,3.5,3.6,2,3.4,3.8,2.15,3.5,3.5,2.14,3.59,3.64,2.2,3.3,3.5,2.1,3.5,3.6,45,2.2,2.12,3.65
E0,03-12-2016,Stoke,Burnley,2,0,H,2,0,H,M Clattenburg,10,14,4,4,7,13,4,9,3,2,0,0,1.62,4,6.5,1.6,3.75,6.25,1.7,3.7,5,1.6,4,6,1.64,4.1,6.03,1.62,3.75,6.5,1.62,4,6.5,45,1.7,1.62,4.12
E0,03-12-2016,Sunderland,Leicester,2,1,H,0,0,D,A Marriner,22,17,6,5,8,12,3,4,3,1,0,0,3.4,3.4,2.3,3.3,3.25,2.3,2.95,3.3,2.4,3.3,3.3,2.3,3.39,3.44,2.3,3.4,3.2,2.3,3.4,3.4,2.3,45,3.4,3.26,3.5
E0,03-12-2016,Tottenham,Swansea,5,0,H,2,0,H,J Moss,28,1,15,0,11,17,5,0,0,4,0,0,1.36,5.5,9,1.34,5,9.75,1.35,5.3,8,1.33,5.5,10,1.36,5.45,9.64,1.36,5,9.5,1.33,5.5,10,45,1.39,1.35,5.5
E0,03-12-2016,West Brom,Watford,3,1,H,2,0,H,G Scott,11,17,3,5,12,8,3,4,2,1,0,1,2.2,3.3,3.75,2.15,3.25,3.6,2.1,3.3,3.6,2.15,3.3,3.75,2.16,3.33,3.89,2.2,3.2,3.6,2.2,3.3,3.8,45,2.21,2.16,3.4
E0,03-12-2016,West Ham,Arsenal,1,5,A,0,1,A,C Pawson,10,19,3,10,10,11,3,2,3,3,0,0,4.75,4.2,1.75,4.75,4,1.75,4.8,3.6,1.75,4.75,4,1.73,5.08,4.1,1.72,4.8,3.8,1.75,5,4,1.75,45,5.1,4.79,4.2
E0,04-12-2016,Bournemouth,Liverpool,4,3,H,0,2,A,R Madley,12,10,8,3,9,17,4,9,2,2,0,0,5,4,1.75,5,3.8,1.7,4.8,3.6,1.75,4.6,4,1.75,4.63,4.01,1.8,4.8,3.8,1.75,4.6,4,1.8,45,5,4.59,4.2
E0,04-12-2016,Everton,Man United,1,1,D,0,1,A,M Oliver,13,10,6,2,13,11,6,3,2,3,0,0,3.6,3.5,2.15,3.7,3.5,2.1,3.5,3.4,2.1,3.7,3.4,2.1,3.65,3.5,2.17,3.6,3.3,2.2,3.7,3.4,2.15,45,3.8,3.59,3.5
E0,05-12-2016,Middlesbrough,Hull,1,0,H,0,0,D,M Dean,16,6,4,2,6,11,13,7,1,1,0,0,1.83,3.5,5.25,1.75,3.6,5,1.85,3.5,4.3,1.8,3.5,5,1.8,3.57,5.4,1.83,3.4,5,1.8,3.5,5.4,44,1.85,1.79,3.6
E0,10-12-2016,Arsenal,Stoke,3,1,H,1,1,D,L Mason,21,12,6,5,9,6,7,7,0,0,0,0,1.35,5.5,9.5,1.35,5,9,1.4,4.8,7.5,1.36,5.25,9,1.38,5.29,9.21,1.36,5,9,1.33,5.5,9.5,50,1.41,1.36,5.55
E0,10-12-2016,Burnley,Bournemouth,3,2,H,2,1,H,M Atkinson,16,17,7,4,14,18,4,11,2,2,0,0,3.5,3.5,2.2,3.4,3.4,2.15,2.95,3.3,2.4,3.4,3.4,2.25,3.48,3.45,2.26,3.3,3.3,2.3,3.4,3.4,2.3,50,3.5,3.36,3.5
E0,10-12-2016,Hull,Crystal Palace,3,3,D,1,0,H,M Jones,15,14,6,6,16,14,4,7,2,4,0,0,3.5,3.3,2.3,3.3,3.25,2.3,2.85,3.3,2.5,3.4,3.3,2.3,3.43,3.37,2.32,3.3,3.2,2.38,3.4,3.4,2.3,50,3.5,3.33,3.4
E0,10-12-2016,Leicester,Man City,4,2,H,3,0,H,M Oliver,10,19,6,4,10,7,3,11,2,1,0,0,5.25,4,1.7,4.75,4,1.7,4.8,3.6,1.75,5,3.9,1.73,5.28,4.1,1.7,5,3.8,1.73,5.25,4,1.7,50,5.28,4.99,4.25
E0,10-12-2016,Swansea,Sunderland,3,0,H,0,0,D,C Pawson,14,11,5,2,10,8,7,4,1,2,0,0,2.15,3.5,3.6,2.15,3.3,3.6,2.2,3.35,3.3,2.1,3.5,3.6,2.14,3.55,3.68,2.2,3.3,3.6,2.2,3.5,3.5,50,2.23,2.13,3.57
E0,10-12-2016,Watford,Everton,3,2,H,1,1,D,A Taylor,11,11,6,4,11,16,2,4,2,2,0,0,3.1,3.4,2.45,3,3.3,2.4,2.95,3.3,2.4,3,3.4,2.45,3.15,3.39,2.45,3,3.3,2.5,3.1,3.3,2.5,49,3.15,3.06,3.4
E0,11-12-2016,Chelsea,West Brom,1,0,H,0,0,D,M Dean,12,6,2,1,6,10,3,1,2,4,0,0,1.25,6.25,15,1.26,6.25,10.5,1.3,5.5,9.5,1.25,6,13,1.27,6.25,14.32,1.29,5.5,13,1.29,6,13,49,1.32,1.27,6.25
E0,11-12-2016,Liverpool,West Ham,2,2,D,1,2,A,M Clattenburg,18,7,3,3,7,8,11,4,2,0,0,0,1.3,6,11,1.3,5.75,9,1.3,5.5,9.5,1.29,6,11,1.29,6.29,11.73,1.3,5.5,11,1.3,6,10.5,49,1.35,1.29,6.4
E0,11-12-2016,Man United,Tottenham,1,0,H,1,0,H,R Madley,15,12,5,4,19,17,3,8,3,3,0,0,2.2,3.4,3.6,2.15,3.4,3.4,2.1,3.4,3.5,2.2,3.4,3.5,2.22,3.37,3.64,2.25,3.2,3.5,2.2,3.4,3.6,48,2.25,2.2,3.42
E0,11-12-2016,Southampton,Middlesbrough,1,0,H,0,0,D,S Attwell,14,6,3,2,14,12,4,2,4,3,0,0,1.7,3.7,6,1.65,3.7,5.75,1.7,3.7,5,1.67,3.75,6,1.68,3.68,6.42,1.73,3.4,6,1.7,3.6,6.25,48,1.76,1.69,3.8
E0,13-12-2016,Bournemouth,Leicester,1,0,H,1,0,H,P Tierney,9,12,3,4,5,15,4,11,0,3,0,0,2.4,3.4,3.2,2.35,3.4,3,2.4,3.3,2.95,2.4,3.4,3.1,2.43,3.47,3.13,2.4,3.3,3.1,2.4,3.5,3.1,48,2.55,2.41,3.55
E0,13-12-2016,Everton,Arsenal,2,1,H,1,1,D,M Clattenburg,14,9,4,3,10,10,8,3,1,1,1,0,4.2,3.75,1.91,4.25,3.7,1.9,4.1,3.5,1.9,4.25,3.6,1.91,4.28,3.77,1.92,4.2,3.6,1.91,4.2,3.8,1.91,48,4.36,4.11,3.85
E0,14-12-2016,Crystal Palace,Man United,1,2,A,0,1,A,C Pawson,6,16,3,6,16,10,1,8,2,2,0,0,5.25,4,1.7,5.5,3.8,1.65,4.8,3.6,1.75,5,3.8,1.67,5.56,4.08,1.68,4.8,4,1.7,5.4,4,1.7,47,5.56,5.19,4.2
E0,14-12-2016,Man City,Watford,2,0,H,1,0,H,K Friend,13,5,7,2,16,20,5,2,1,2,0,0,1.29,6.5,11,1.22,6.5,12.5,1.3,5.5,9.5,1.25,6,11,1.28,6.4,12.25,1.25,6.5,12,1.25,6.5,13,48,1.3,1.26,6.65
E0,14-12-2016,Middlesbrough,Liverpool,0,3,A,0,1,A,J Moss,8,15,3,4,11,14,5,2,1,0,0,0,6,4.33,1.6,6,4.1,1.57,5.5,4,1.6,5.75,4,1.57,6.48,4.28,1.58,6,4,1.6,6.25,4.3,1.57,48,6.48,5.99,4.33
E0,14-12-2016,Stoke,Southampton,0,0,D,0,0,D,A Taylor,5,15,3,4,9,10,3,11,1,2,1,0,3.1,3.3,2.5,2.95,3.3,2.45,2.85,3.1,2.6,3.1,3.1,2.38,3.29,3.25,2.45,3.2,3.2,2.4,3.25,3.25,2.45,48,3.3,3.15,3.3
E0,14-12-2016,Sunderland,Chelsea,0,1,A,0,1,A,N Swarbrick,8,19,3,6,15,10,5,5,3,2,0,0,10,5.75,1.33,9.5,5,1.34,9.5,5.5,1.3,9,5,1.33,10.45,5.72,1.33,9,5,1.33,10.5,5.5,1.33,47,10.5,9.49,5.8
E0,14-12-2016,Tottenham,Hull,3,0,H,1,0,H,A Marriner,27,10,9,5,6,14,5,5,0,2,0,0,1.22,7,15,1.22,6.5,13.5,1.25,6,11,1.22,6,13,1.25,6.6,14,1.25,6,13,1.25,6.25,15,48,1.27,1.23,7
E0,14-12-2016,West Brom,Swansea,3,1,H,0,0,D,M Oliver,13,8,4,4,8,8,0,11,0,0,0,0,2.05,3.5,4,1.95,3.5,4,2,3.4,3.8,2,3.3,3.8,2.06,3.5,4.04,2.05,3.3,4,2.05,3.5,3.9,48,2.1,2.04,3.55
E0,14-12-2016,West Ham,Burnley,1,0,H,1,0,H,R Madley,20,8,7,2,12,15,6,1,0,2,0,0,1.67,4,5.75,1.6,4.1,5.5,1.7,3.7,5,1.62,3.8,5.5,1.65,4.13,5.82,1.67,3.8,5.5,1.65,4.1,5.75,47,1.71,1.64,4.16
E0,17-12-2016,Crystal Palace,Chelsea,0,1,A,0,1,A,J Moss,6,13,2,6,12,15,5,3,2,3,0,0,6.5,4.2,1.57,6,4.1,1.57,6.5,4.2,1.5,6,4,1.62,5.85,4.3,1.62,6.5,3.75,1.62,5.75,4.3,1.62,50,6.5,5.82,4.3
E0,17-12-2016,Middlesbrough,Swansea,3,0,H,2,0,H,N Swarbrick,10,14,4,2,10,11,3,8,1,0,0,0,2.1,3.4,4,2.05,3.4,3.75,2.1,3.4,3.5,2.1,3.4,3.8,2.07,3.42,4.1,2.1,3.3,3.75,2.05,3.4,4.1,49,2.15,2.07,3.43
E0,17-12-2016,Stoke,Leicester,2,2,D,2,0,H,C Pawson,16,14,7,8,9,12,9,9,2,6,0,1,2.6,3.4,2.9,2.45,3.4,2.9,2.5,3.3,2.85,2.6,3.3,2.88,2.59,3.35,2.98,2.6,3.2,2.9,2.6,3.3,2.9,52,2.67,2.55,3.5
E0,17-12-2016,Sunderland,Watford,1,0,H,0,0,D,R Madley,12,9,4,4,10,9,4,11,1,2,0,0,2.63,3.3,2.9,2.55,3.2,2.9,2.5,3.3,2.85,2.62,3.25,2.88,2.67,3.23,2.97,2.62,3.2,2.9,2.6,3.3,3,52,2.7,2.6,3.35
E0,17-12-2016,West Brom,Man United,0,2,A,0,1,A,A Taylor,10,10,1,5,9,13,2,3,3,3,0,0,5.75,3.8,1.7,5.25,3.6,1.72,4.8,3.6,1.75,5.5,3.6,1.73,5.53,3.77,1.74,5.5,3.5,1.75,5.75,3.6,1.75,52,5.75,5.38,4
E0,17-12-2016,West Ham,Hull,1,0,H,0,0,D,L Mason,18,16,6,5,13,9,10,6,2,4,0,0,1.62,4.1,6,1.65,4.1,5,1.65,3.8,5.3,1.62,4,6,1.67,4.09,5.7,1.67,3.6,6,1.65,4.1,5.75,50,1.72,1.65,4.15
E0,18-12-2016,Bournemouth,Southampton,1,3,A,1,1,D,M Clattenburg,10,14,5,8,6,12,7,4,0,2,0,0,3,3.3,2.6,2.85,3.25,2.55,2.65,3.3,2.65,2.9,3.2,2.62,2.95,3.23,2.69,2.9,3.2,2.62,2.9,3.3,2.63,50,3.05,2.91,3.35
E0,18-12-2016,Man City,Arsenal,2,1,H,0,1,A,M Atkinson,14,6,5,1,9,13,8,1,4,2,0,0,2.15,3.6,3.5,2.15,3.6,3.5,2.2,3.35,3.3,2.15,3.5,3.5,2.13,3.56,3.7,2.2,3.4,3.4,2.1,3.6,3.5,50,2.25,2.13,3.74
E0,18-12-2016,Tottenham,Burnley,2,1,H,1,1,D,K Friend,30,5,9,2,10,11,11,2,1,2,0,0,1.22,7,15,1.2,7,13,1.25,6,11,1.22,6.5,15,1.22,7.35,15,1.22,6.5,15,1.22,7,15,51,1.25,1.21,7.5
E0,19-12-2016,Everton,Liverpool,0,1,A,0,0,D,M Dean,6,11,1,4,13,9,1,6,3,1,0,0,4.2,3.6,1.95,4.1,3.6,1.9,3.8,3.4,2,4,3.6,1.95,4.27,3.85,1.9,4.2,3.5,1.95,4.2,3.75,1.9,47,4.3,4.12,3.85
E0,26-12-2016,Arsenal,West Brom,1,0,H,0,0,D,N Swarbrick,26,3,11,1,11,7,6,5,2,1,0,0,1.33,5.5,8.5,1.3,5,10,1.33,5.3,8.7,1.33,5,9.5,1.35,5.58,10.12,1.33,5,11,1.33,5.4,10.5,50,1.4,1.34,5.75
E0,26-12-2016,Burnley,Middlesbrough,1,0,H,0,0,D,C Pawson,6,8,4,2,17,18,7,3,6,5,0,0,2.9,3.1,2.6,2.85,3.1,2.55,2.75,3.2,2.65,2.9,3,2.5,3.06,3.18,2.64,3,3.1,2.62,3,3.1,2.7,51,3.1,2.97,3.2
E0,26-12-2016,Chelsea,Bournemouth,3,0,H,1,0,H,M Jones,14,7,4,3,13,14,5,5,1,1,0,0,1.36,5,8.5,1.36,4.6,8.25,1.35,5.3,8,1.4,4.33,8.5,1.42,4.78,9.52,1.4,4.8,8.5,1.36,5,9,51,1.42,1.38,5.5
E0,26-12-2016,Hull,Man City,0,3,A,0,0,D,R Madley,10,16,3,6,11,14,4,7,1,0,0,0,10,5.5,1.3,8.5,5,1.33,9.5,5.5,1.3,8.5,5.25,1.33,9.86,5.82,1.34,9,5.5,1.33,10.5,5.75,1.3,52,11.5,9.42,6
E0,26-12-2016,Leicester,Everton,0,2,A,0,0,D,S Attwell,7,8,2,3,14,7,3,4,3,0,0,0,2.5,3.3,2.9,2.4,3.3,2.85,2.3,3.3,3.15,2.4,3.25,2.88,2.57,3.33,3.03,2.5,3.3,3,2.5,3.4,3,52,2.64,2.5,3.5
E0,26-12-2016,Man United,Sunderland,3,1,H,1,0,H,M Atkinson,26,7,9,4,6,9,5,5,1,1,0,0,1.22,6.5,13,1.22,6.25,11.5,1.22,6.2,13.5,1.2,6,15,1.24,6.95,15,1.25,5.5,17,1.22,6.5,15,51,1.25,1.22,7.25
E0,26-12-2016,Swansea,West Ham,1,4,A,0,1,A,A Marriner,14,14,7,7,10,12,8,4,0,0,0,0,2.63,3.2,2.8,2.6,3.2,2.7,2.6,3.25,2.75,2.5,3.3,2.7,2.71,3.43,2.78,2.7,3.3,2.7,2.63,3.4,2.8,52,2.75,2.63,3.55
E0,26-12-2016,Watford,Crystal Palace,1,1,D,0,1,A,M Clattenburg,9,10,3,4,18,17,7,3,2,4,0,0,2.5,3.3,2.9,2.4,3.2,2.9,2.3,3.3,3.15,2.4,3.2,2.9,2.54,3.36,3.05,2.4,3.3,3.1,2.5,3.3,3.1,51,2.57,2.47,3.4
E0,27-12-2016,Liverpool,Stoke,4,1,H,2,1,H,M Oliver,20,6,6,2,9,6,8,2,0,1,0,0,1.3,5.5,10,1.3,5.25,9,1.3,5.5,9.5,1.29,5.75,10,1.3,6.15,11.02,1.33,5,11,1.3,5.75,11.5,48,1.34,1.29,6.25
E0,28-12-2016,Southampton,Tottenham,1,4,A,1,1,D,M Dean,9,17,2,5,7,16,2,10,1,4,1,0,2.8,3.25,2.6,2.75,3.2,2.55,2.85,3.3,2.5,2.88,3.1,2.5,3.01,3.3,2.6,2.9,3.2,2.6,2.9,3.25,2.63,46,3.01,2.89,3.4
E0,30-12-2016,Hull,Everton,2,2,D,1,1,D,J Moss,13,20,4,7,10,13,5,5,2,2,0,0,4.33,3.5,1.95,4.25,3.5,1.95,4.1,3.5,1.9,4.2,3.4,1.95,4.28,3.43,2.02,4.33,3.4,1.95,4.2,3.5,1.95,51,4.36,4.2,3.5
E0,31-12-2016,Burnley,Sunderland,4,1,H,1,0,H,G Scott,16,11,6,3,10,8,6,2,1,1,0,0,2.4,3.25,3.3,2.35,3.2,3.2,2.4,3.3,2.95,2.38,3.2,3.25,2.38,3.26,3.41,2.4,3.2,3.2,2.4,3.3,3.3,50,2.45,2.38,3.4
E0,31-12-2016,Chelsea,Stoke,4,2,H,1,0,H,R Madley,18,5,7,2,12,10,8,3,3,2,0,0,1.25,6.5,14,1.26,5.75,11.5,1.27,5.8,10.5,1.25,6,13,1.28,6.15,12.85,1.29,5.5,13,1.29,6,13,51,1.31,1.27,6.5
E0,31-12-2016,Leicester,West Ham,1,0,H,1,0,H,A Taylor,12,25,4,5,11,8,7,7,5,3,0,0,2.1,3.6,3.7,2.05,3.5,3.6,2.1,3.4,3.5,2.1,3.5,3.5,2.1,3.56,3.8,2.1,3.4,3.75,2.05,3.6,3.9,49,2.14,2.07,3.65
E0,31-12-2016,Liverpool,Man City,1,0,H,1,0,H,C Pawson,5,9,1,2,12,12,4,6,2,1,0,0,2.35,3.6,3.1,2.3,3.5,3,2.4,3.3,2.95,2.3,3.6,3,2.37,3.52,3.18,2.4,3.3,3.1,2.38,3.6,3.1,50,2.45,2.35,3.62
E0,31-12-2016,Man United,Middlesbrough,2,1,H,0,0,D,L Mason,32,9,12,2,9,14,12,2,1,1,0,0,1.25,6,16,1.25,5.5,14.5,1.27,5.8,10.5,1.25,6,13,1.25,6.2,16.45,1.25,5.5,17,1.25,6,15,50,1.29,1.25,6.5
E0,31-12-2016,Southampton,West Brom,1,2,A,1,1,D,M Jones,10,7,1,3,13,17,8,3,1,3,1,0,1.75,3.7,5.5,1.75,3.5,5.25,1.7,3.7,5,1.73,3.5,5.5,1.78,3.59,5.55,1.8,3.3,5.5,1.75,3.6,5.5,50,1.81,1.76,3.7
E0,31-12-2016,Swansea,Bournemouth,0,3,A,0,2,A,K Friend,14,11,5,6,14,9,4,3,2,0,0,0,2.9,3.4,2.6,2.75,3.4,2.55,2.65,3.3,2.65,2.8,3.5,2.5,2.83,3.49,2.63,2.8,3.3,2.62,2.88,3.5,2.55,50,2.95,2.82,3.5
E0,01-01-2017,Arsenal,Crystal Palace,2,0,H,1,0,H,A Marriner,22,7,7,4,9,7,8,4,1,1,0,0,1.29,5.5,9.5,1.3,5.5,9.75,1.3,5.5,9.5,1.33,5.5,9,1.34,5.6,10.4,1.33,5.5,9,1.33,5.5,10.5,50,1.36,1.33,5.75
E0,01-01-2017,Watford,Tottenham,1,4,A,0,3,A,M Oliver,6,19,2,6,11,6,0,3,3,0,0,0,5.5,3.75,1.62,5.25,3.8,1.67,5,3.7,1.7,6,3.8,1.62,5.71,3.94,1.69,5.5,3.6,1.73,5.75,3.8,1.7,50,6,5.49,4
E0,02-01-2017,Everton,Southampton,3,0,H,0,0,D,K Friend,17,12,6,3,5,14,10,8,0,1,0,0,2.2,3.4,3.6,2.15,3.3,3.5,2.1,3.4,3.5,2.2,3.2,3.4,2.28,3.33,3.55,2.3,3.2,3.4,2.25,3.3,3.6,51,2.32,2.23,3.42
E0,02-01-2017,Man City,Burnley,2,1,H,0,0,D,L Mason,14,11,3,3,11,11,8,8,4,3,1,0,1.17,8.5,19,1.17,8,15,1.15,7.5,18,1.17,7.5,19,1.18,8.55,17.5,1.18,7,15,1.15,8,17,52,1.2,1.16,9.15
E0,02-01-2017,Middlesbrough,Leicester,0,0,D,0,0,D,R Madley,9,10,1,4,10,9,2,2,3,0,0,0,2.75,3.2,2.88,2.65,3.1,2.85,2.5,3.2,2.9,2.62,3,2.8,2.8,3.16,2.88,2.75,3.1,2.8,2.8,3.13,2.9,51,2.85,2.73,3.2
E0,02-01-2017,Sunderland,Liverpool,2,2,D,1,1,D,A Taylor,10,21,5,15,10,10,2,5,2,3,0,0,11,5.5,1.33,9.5,5.25,1.33,7.5,4.8,1.4,9,5,1.35,9.95,5.55,1.35,11,4.5,1.36,8.5,5.5,1.36,51,11,9.41,5.6
E0,02-01-2017,West Brom,Hull,3,1,H,0,1,A,M Clattenburg,8,17,5,6,5,4,7,9,0,0,0,0,1.75,3.7,5.5,1.75,3.5,5.25,1.65,3.8,5.3,1.73,3.5,5,1.76,3.72,5.48,1.8,3.3,5.5,1.75,3.6,5.5,50,1.8,1.75,3.8
E0,02-01-2017,West Ham,Man United,0,2,A,0,0,D,M Dean,8,13,2,6,9,13,2,1,1,2,1,0,6,4,1.65,5.5,4,1.62,5,3.7,1.7,5.25,3.8,1.62,5.77,4.13,1.65,5.5,3.8,1.67,6,4.1,1.62,51,6,5.56,4.15
E0,03-01-2017,Bournemouth,Arsenal,3,3,D,2,0,H,M Oliver,12,14,6,4,10,12,4,7,3,3,1,0,4.33,3.4,1.85,4.4,3.7,1.8,4.5,3.6,1.8,4.2,3.75,1.8,4.52,3.87,1.85,5,3.4,1.83,4.6,3.8,1.83,50,5,4.44,3.9
E0,03-01-2017,Crystal Palace,Swansea,1,2,A,0,1,A,P Tierney,7,11,3,4,13,14,4,5,2,1,0,0,1.75,3.5,4.75,1.78,3.6,4.75,1.8,3.6,4.5,1.75,3.5,4.75,1.8,3.77,5,1.83,3.4,5,1.8,3.7,5,49,1.86,1.79,3.9
E0,03-01-2017,Stoke,Watford,2,0,H,1,0,H,N Swarbrick,17,9,5,2,10,15,7,6,1,2,0,0,1.8,3.5,4.5,1.9,3.5,4.2,2,3.4,3.8,1.85,3.4,4.5,1.89,3.58,4.7,1.95,3.4,4.2,1.85,3.5,4.75,52,2,1.88,3.7
E0,04-01-2017,Tottenham,Chelsea,2,0,H,1,0,H,M Atkinson,9,11,2,2,9,8,1,6,3,2,0,0,2.63,3.25,2.63,2.85,3.3,2.55,3.15,3.3,2.3,2.62,3.3,2.62,2.77,3.35,2.77,2.9,3.1,2.62,2.8,3.4,2.63,47,3.15,2.78,3.45
E0,14-01-2017,Burnley,Southampton,1,0,H,0,0,D,P Tierney,9,20,3,5,14,14,2,7,1,2,0,0,3.6,3.4,2.2,3.5,3.25,2.2,3.2,3.35,2.25,3.4,3.25,2.25,3.75,3.35,2.2,3.5,3.2,2.25,3.5,3.3,2.2,49,3.75,3.56,3.4
E0,14-01-2017,Hull,Bournemouth,3,1,H,1,1,D,M Atkinson,14,8,3,6,13,11,4,5,0,1,0,0,3.3,3.5,2.3,3.2,3.4,2.25,3.15,3.3,2.3,3.2,3.4,2.3,3.34,3.62,2.25,3.2,3.4,2.3,3.3,3.5,2.3,49,3.35,3.24,3.62
E0,14-01-2017,Leicester,Chelsea,0,3,A,0,1,A,A Marriner,7,8,2,3,8,9,3,5,1,0,0,0,6,4.1,1.62,5.75,3.8,1.62,5,4,1.65,6,3.8,1.62,6.1,3.96,1.66,6,3.6,1.67,5.75,4,1.65,49,6.2,5.78,4.1
E0,14-01-2017,Sunderland,Stoke,1,3,A,1,3,A,M Dean,14,14,3,6,16,11,5,2,3,1,0,0,3.1,3.3,2.5,2.95,3.3,2.45,2.65,3.3,2.65,3,3.25,2.5,3.09,3.45,2.46,3,3.3,2.5,3.1,3.4,2.45,48,3.12,3,3.45
E0,14-01-2017,Swansea,Arsenal,0,4,A,0,1,A,M Jones,12,14,3,6,12,8,3,2,2,0,0,0,7,4.75,1.5,6.25,4.6,1.48,6.5,4.2,1.5,6.5,4.5,1.5,6.54,4.71,1.53,6.5,4.33,1.53,6.5,4.8,1.5,49,7,6.38,4.95
E0,14-01-2017,Tottenham,West Brom,4,0,H,2,0,H,A Taylor,21,3,11,0,11,12,8,0,0,2,0,0,1.33,5.5,11,1.33,5.25,9.5,1.35,5.3,8,1.33,5,11,1.32,5.51,12.56,1.33,5,11,1.33,5.2,12,48,1.38,1.32,5.55
E0,14-01-2017,Watford,Middlesbrough,0,0,D,0,0,D,J Moss,12,5,5,1,15,15,3,1,3,1,0,0,2.5,3.2,3.2,2.5,3.1,3.1,2.3,3.3,3.15,2.5,3.2,3,2.51,3.18,3.25,2.5,3.1,3.1,2.5,3.1,3.3,49,2.56,2.49,3.3
E0,14-01-2017,West Ham,Crystal Palace,3,0,H,0,0,D,N Swarbrick,14,10,3,1,10,14,2,2,4,2,0,0,2.38,3.4,3.2,2.35,3.3,3.1,2.2,3.35,3.3,2.4,3.2,3.2,2.41,3.41,3.2,2.4,3.2,3.2,2.4,3.4,3.2,48,2.46,2.38,3.43
E0,15-01-2017,Everton,Man City,4,0,H,1,0,H,M Clattenburg,6,13,4,5,17,7,3,6,2,2,0,0,4.5,4,1.8,4.4,3.8,1.78,4.1,3.5,1.9,4.33,3.75,1.83,4.54,3.9,1.84,4.33,3.75,1.83,4.6,3.9,1.8,50,4.6,4.39,4
E0,15-01-2017,Man United,Liverpool,1,1,D,0,1,A,M Oliver,9,13,3,4,17,13,5,7,1,3,0,0,2.15,3.4,3.75,2.15,3.3,3.6,2.2,3.3,3.35,2.2,3.25,3.6,2.16,3.34,3.88,2.2,3.3,3.6,2.05,3.3,3.5,50,2.22,2.14,3.46
E0,21-01-2017,Bournemouth,Watford,2,2,D,0,1,A,L Mason,15,10,5,3,6,16,9,4,1,1,0,0,1.83,3.75,4.75,1.8,3.7,4.4,1.9,3.5,4.1,1.85,3.6,4.5,1.84,3.77,4.73,1.85,3.6,4.5,1.85,3.75,4.6,50,1.9,1.84,3.8
E0,21-01-2017,Crystal Palace,Everton,0,1,A,0,0,D,A Taylor,8,16,2,8,10,15,8,7,0,1,0,0,3.25,3.4,2.38,3,3.4,2.35,3.3,3.35,2.2,3.1,3.4,2.4,3.19,3.45,2.4,3.2,3.2,2.4,3.2,3.4,2.4,50,3.3,3.12,3.45
E0,21-01-2017,Liverpool,Swansea,2,3,A,0,0,D,K Friend,16,6,5,3,7,7,6,3,1,1,0,0,1.22,7,15,1.2,7,13,1.2,6.5,15,1.22,7,13,1.22,7.55,14,1.22,6.5,15,1.22,7,15,50,1.25,1.22,7.73
E0,21-01-2017,Man City,Tottenham,2,2,D,0,0,D,A Marriner,17,6,7,2,10,7,5,4,2,4,0,0,2.15,3.5,3.6,2.1,3.5,3.5,2.1,3.4,3.5,2.15,3.4,3.6,2.13,3.52,3.75,2.15,3.4,3.6,2.15,3.5,3.7,50,2.18,2.12,3.59
E0,21-01-2017,Middlesbrough,West Ham,1,3,A,1,2,A,M Atkinson,11,13,2,5,7,14,7,5,2,1,0,0,2.5,3.2,3.25,2.45,3.1,3.1,2.5,3.2,2.9,2.4,3.2,3.2,2.47,3.17,3.33,2.5,3.1,3.2,2.45,3.2,3.3,50,2.58,2.45,3.25
E0,21-01-2017,Stoke,Man United,1,1,D,1,0,H,M Clattenburg,6,25,1,8,12,13,1,7,4,0,0,0,6,4.2,1.6,5.75,4.1,1.57,5.7,3.9,1.6,6,4,1.62,6.08,4.08,1.64,6,4,1.62,6,4.1,1.62,49,6.25,5.84,4.2
E0,21-01-2017,West Brom,Sunderland,2,0,H,2,0,H,C Pawson,14,9,5,3,15,12,1,4,1,1,0,0,1.7,3.8,5.75,1.67,3.8,5.25,1.7,3.7,5,1.67,3.8,5.75,1.7,3.91,5.68,1.7,3.5,6,1.7,3.9,5.4,50,1.72,1.68,4.05
E0,22-01-2017,Arsenal,Burnley,2,1,H,0,0,D,J Moss,24,13,8,7,12,11,10,4,1,3,1,0,1.2,7.5,17,1.18,7.5,14.5,1.22,6.2,13.5,1.2,7,15,1.22,7.35,15.7,1.2,7,15,1.2,7,18,50,1.22,1.2,7.5
E0,22-01-2017,Chelsea,Hull,2,0,H,1,0,H,N Swarbrick,9,9,5,4,12,10,9,7,1,3,0,0,1.18,8,19,1.16,7.75,16.5,1.15,7.5,18,1.18,7.5,17,1.18,8.5,18,1.2,7,15,1.18,8,17,50,1.2,1.17,8.5
E0,22-01-2017,Southampton,Leicester,3,0,H,2,0,H,M Oliver,20,11,7,2,8,10,7,2,0,1,0,0,1.83,3.5,5.25,1.83,3.5,4.6,2,3.4,3.8,1.85,3.5,4.75,1.86,3.48,5.1,1.85,3.3,5,1.83,3.5,5.2,49,2,1.83,3.6
E0,31-01-2017,Arsenal,Watford,1,2,A,0,2,A,A Marriner,20,10,5,6,12,15,9,5,3,3,0,0,1.22,7,15,1.22,6.5,13,1.22,6.5,12.5,1.22,6.5,13,1.24,6.92,14.64,1.25,6,13,1.22,7,15,50,1.26,1.23,7
E0,31-01-2017,Bournemouth,Crystal Palace,0,2,A,0,0,D,J Moss,10,11,2,4,14,23,2,3,0,4,0,0,2.05,3.5,3.9,2.05,3.4,3.75,2.15,3.35,3.4,2.05,3.4,3.8,2.12,3.57,3.73,2.1,3.4,3.75,2.1,3.5,3.8,50,2.18,2.09,3.57
E0,31-01-2017,Burnley,Leicester,1,0,H,0,0,D,M Dean,24,13,3,5,4,8,10,2,1,0,0,0,2.9,3.25,2.7,2.8,3.2,2.65,2.65,3.3,2.65,2.9,3.2,2.65,2.89,3.29,2.7,2.88,3.2,2.62,2.88,3.25,2.7,48,2.94,2.85,3.3
E0,31-01-2017,Liverpool,Chelsea,1,1,D,0,1,A,M Clattenburg,7,8,3,2,13,8,3,3,2,1,0,0,2.65,3.25,2.9,2.6,3.3,2.9,2.6,3.2,2.8,2.6,3.25,2.9,2.63,3.33,2.95,2.6,3.2,3,2.63,3.3,2.88,49,2.7,2.6,3.33
E0,31-01-2017,Middlesbrough,West Brom,1,1,D,1,1,D,S Attwell,11,16,3,5,12,13,4,2,2,1,0,0,2.7,3.1,3,2.65,3,2.95,2.6,3.15,2.85,2.7,3,3,2.73,3.05,3.06,2.7,3,3,2.7,3,3.1,49,2.77,2.68,3.15
E0,31-01-2017,Sunderland,Tottenham,0,0,D,0,0,D,L Mason,3,14,1,3,9,13,2,12,2,1,0,0,9.5,5.25,1.36,9.5,5.25,1.33,7.5,4.8,1.4,9,5,1.36,9.13,5.41,1.38,9,5,1.36,9.5,5.4,1.36,49,10,8.95,5.65
E0,31-01-2017,Swansea,Southampton,2,1,H,1,0,H,R East,11,10,5,2,10,19,5,4,2,0,0,0,3.4,3.4,2.3,3.25,3.3,2.3,3.15,3.3,2.3,3.3,3.4,2.25,3.29,3.42,2.36,3.4,3.2,2.3,3.3,3.4,2.3,49,3.4,3.24,3.42
E0,01-02-2017,Man United,Hull,0,0,D,0,0,D,M Jones,15,6,6,2,20,16,7,1,1,4,0,0,1.2,7.5,17,1.18,7.5,15,1.2,6.5,15,1.18,7,17,1.2,7.88,17.01,1.2,7,17,1.18,7.5,20,49,1.2,1.18,8.2
E0,01-02-2017,Stoke,Everton,1,1,D,1,1,D,C Pawson,14,14,7,5,21,12,5,5,1,0,0,0,2.88,3.4,2.63,2.75,3.3,2.6,2.65,3.3,2.65,2.75,3.25,2.5,2.85,3.4,2.67,2.88,3.25,2.62,2.88,3.4,2.63,49,2.9,2.82,3.42
E0,01-02-2017,West Ham,Man City,0,4,A,0,3,A,K Friend,6,11,1,4,11,14,2,4,3,3,0,0,6,4.5,1.57,5.5,4.33,1.57,5.5,4,1.6,5.5,4.33,1.55,5.94,4.55,1.58,6,4.2,1.57,6,4.6,1.55,49,6,5.68,4.66
E0,04-02-2017,Chelsea,Arsenal,3,1,H,1,0,H,M Atkinson,13,9,6,5,14,8,10,13,1,1,0,0,1.95,3.6,4.2,1.95,3.5,4,2.1,3.4,3.5,1.95,3.6,4,1.94,3.58,4.42,2,3.3,4.2,1.95,3.6,4.3,48,2.1,1.95,3.73
E0,04-02-2017,Crystal Palace,Sunderland,0,4,A,0,4,A,A Marriner,21,10,9,7,8,8,6,1,3,3,0,0,1.7,3.9,5.5,1.67,3.8,5.25,1.75,3.6,4.8,1.7,3.7,5.5,1.73,3.91,5.37,1.67,3.8,5.5,1.7,3.8,5.75,48,1.75,1.69,4
E0,04-02-2017,Everton,Bournemouth,6,3,H,3,0,H,M Jones,15,18,10,8,14,4,4,8,3,1,0,0,1.7,4,5.25,1.7,3.8,5,1.7,3.7,5,1.7,3.9,5.2,1.74,4,5.14,1.73,3.6,5.5,1.7,4,5.4,47,1.79,1.71,4
E0,04-02-2017,Hull,Liverpool,2,0,H,1,0,H,L Mason,7,22,4,5,9,12,1,15,2,1,0,0,8,4.75,1.45,7.25,4.5,1.45,6.2,4,1.55,7.5,4.5,1.44,7.68,4.59,1.49,8,4.5,1.44,8,4.75,1.45,48,8,7.42,4.76
E0,04-02-2017,Southampton,West Ham,1,3,A,1,2,A,G Scott,21,6,7,4,12,15,3,2,0,2,0,0,1.85,3.75,4.5,1.8,3.6,4.6,1.85,3.5,4.3,1.83,3.6,4.5,1.85,3.67,4.84,1.83,3.6,4.5,1.87,3.6,4.75,48,1.92,1.84,3.75
E0,04-02-2017,Tottenham,Middlesbrough,1,0,H,0,0,D,M Clattenburg,17,8,5,0,8,11,11,2,0,1,0,0,1.29,6,13,1.26,5.5,13,1.3,5.5,9.5,1.25,6,13,1.29,5.95,13.45,1.29,5.5,13,1.29,6,13,48,1.3,1.27,6.14
E0,04-02-2017,Watford,Burnley,2,1,H,2,0,H,M Oliver,16,11,7,7,12,10,3,6,5,0,0,1,2.15,3.3,3.9,2.1,3.25,3.8,2.1,3.4,3.5,2.1,3.3,3.75,2.12,3.28,4.1,2.15,3.2,3.8,2.15,3.25,4,48,2.18,2.12,3.4
E0,04-02-2017,West Brom,Stoke,1,0,H,1,0,H,K Friend,16,12,4,2,6,13,5,6,2,2,0,0,2.3,3.25,3.5,2.25,3.25,3.4,2.2,3.3,3.35,2.3,3.2,3.4,2.31,3.29,3.53,2.38,3.1,3.4,2.3,3.3,3.5,48,2.41,2.31,3.3
E0,05-02-2017,Leicester,Man United,0,3,A,0,2,A,A Taylor,11,15,1,9,12,13,10,3,2,4,0,0,5.75,4,1.65,5.25,3.8,1.67,5,3.7,1.7,5.5,3.75,1.67,5.95,3.89,1.68,5.5,3.75,1.7,5.4,3.9,1.7,48,5.95,5.58,4
E0,05-02-2017,Man City,Swansea,2,1,H,1,0,H,M Dean,17,4,5,2,9,13,10,3,2,3,0,0,1.22,7,15,1.2,7.25,13,1.25,6,11,1.22,6.5,13,1.23,7.55,13.6,1.22,7,13,1.22,7.5,13,48,1.25,1.22,7.55
E0,11-02-2017,Arsenal,Hull,2,0,H,1,0,H,M Clattenburg,17,9,7,4,12,9,3,8,3,1,0,1,1.29,6,13,1.26,5.75,11.5,1.3,5.5,9.5,1.25,5.75,11,1.3,6.2,11.44,1.3,5.5,11,1.29,6,12,44,1.31,1.28,6.35
E0,11-02-2017,Liverpool,Tottenham,2,0,H,2,0,H,A Taylor,17,7,9,2,14,14,10,3,3,4,0,0,2.3,3.4,3.4,2.25,3.4,3.25,2.2,3.35,3.3,2.15,3.25,3.4,2.22,3.41,3.61,2.3,3.2,3.4,2.25,3.4,3.5,43,2.35,2.24,3.45
E0,11-02-2017,Man United,Watford,2,0,H,1,0,H,R Madley,22,9,11,3,10,12,5,1,1,0,0,0,1.25,6.5,14,1.25,6.25,11.5,1.27,5.8,10.5,1.25,5.75,13,1.27,6.4,13,1.25,6,13,1.25,6.5,15,42,1.27,1.25,6.74
E0,11-02-2017,Middlesbrough,Everton,0,0,D,0,0,D,M Dean,9,7,3,3,14,9,5,2,2,0,0,0,3.9,3.3,2.15,3.7,3.3,2.1,3.7,3.35,2.05,3.6,3.2,2.1,3.8,3.35,2.18,3.6,3.2,2.2,3.75,3.3,2.2,42,3.9,3.7,3.37
E0,11-02-2017,Stoke,Crystal Palace,1,0,H,0,0,D,M Atkinson,7,6,4,1,10,14,5,5,1,3,0,0,2.15,3.3,3.9,2.05,3.3,3.9,2.1,3.3,3.6,2.05,3.25,3.6,2.13,3.42,3.86,2.1,3.3,3.8,2.1,3.4,3.9,43,2.19,2.1,3.42
E0,11-02-2017,Sunderland,Southampton,0,4,A,0,2,A,P Tierney,6,15,1,8,12,14,6,2,1,0,0,0,3.9,3.4,2.1,3.7,3.4,2.05,3.3,3.35,2.2,3.6,3.4,2,3.92,3.54,2.07,3.8,3.3,2.1,3.8,3.5,2.1,43,3.95,3.76,3.54
E0,11-02-2017,West Ham,West Brom,2,2,D,0,1,A,M Oliver,16,8,4,3,7,14,7,5,3,2,0,0,2.25,3.3,3.6,2.15,3.3,3.5,2.1,3.4,3.5,2.2,3.1,3.5,2.28,3.25,3.65,2.25,3.2,3.6,2.25,3.4,3.5,43,2.33,2.22,3.4
E0,12-02-2017,Burnley,Chelsea,1,1,D,1,1,D,K Friend,6,13,4,2,12,11,1,1,3,2,0,0,9,5,1.4,7.75,4.6,1.42,7.5,4.8,1.4,8,4.33,1.4,8.59,4.73,1.44,8,4.5,1.44,9,4.75,1.4,42,9.11,8.28,5
E0,12-02-2017,Swansea,Leicester,2,0,H,2,0,H,J Moss,10,9,4,1,7,14,7,3,2,2,0,0,2.4,3.3,3.25,2.4,3.25,3.1,2.4,3.3,2.95,2.3,3.1,3.1,2.44,3.3,3.25,2.5,3.2,3.1,2.38,3.3,3.25,43,2.52,2.41,3.32
E0,13-02-2017,Bournemouth,Man City,0,2,A,0,1,A,N Swarbrick,5,17,1,5,8,11,3,7,2,3,0,0,7.5,5,1.44,6.75,4.75,1.45,7,4.3,1.47,6.5,4.5,1.44,6.97,4.95,1.48,7,4.8,1.44,7.5,4.8,1.44,42,7.53,6.91,5.05
E0,25-02-2017,Chelsea,Swansea,3,1,H,1,1,D,N Swarbrick,16,3,5,2,11,14,8,1,1,3,0,0,1.25,6.5,15,1.22,6.25,14,1.22,6.5,12,1.25,6,13,1.27,6.51,12.91,1.25,6,13,1.25,6.5,13,48,1.28,1.25,6.74
E0,25-02-2017,Crystal Palace,Middlesbrough,1,0,H,1,0,H,R Madley,15,11,3,4,13,15,4,2,3,1,0,0,2.1,3.2,4.2,2.1,3.2,3.9,2.1,3.4,3.5,2.05,3,4.2,2.12,3.13,4.37,2.15,3.1,4,2.1,3.2,4,49,2.16,2.1,3.4
E0,25-02-2017,Everton,Sunderland,2,0,H,1,0,H,S Attwell,20,10,8,1,10,16,10,6,0,2,0,0,1.4,5.25,8.5,1.4,4.6,8.5,1.45,4.4,7.2,1.4,4.75,7.5,1.43,5.18,7.91,1.4,4.8,8.5,1.4,5.25,8.5,47,1.45,1.4,5.25
E0,25-02-2017,Hull,Burnley,1,1,D,0,0,D,M Atkinson,15,10,1,3,8,13,6,3,1,1,0,1,2.15,3.3,3.9,2.15,3.25,3.6,2.2,3.35,3.3,2.15,3.1,3.75,2.2,3.22,3.91,2.2,3.1,3.8,2.15,3.3,3.9,48,2.25,2.16,3.35
E0,25-02-2017,Watford,West Ham,1,1,D,1,0,H,C Pawson,9,13,1,2,18,14,4,6,4,1,0,1,2.63,3.3,2.9,2.55,3.25,2.85,2.6,3.25,2.75,2.5,3.1,2.9,2.63,3.26,3,2.62,3.2,2.9,2.63,3.3,2.9,48,2.68,2.57,3.32
E0,25-02-2017,West Brom,Bournemouth,2,1,H,2,1,H,M Clattenburg,13,12,4,4,12,5,8,6,2,0,0,0,2.1,3.4,4,2.05,3.4,3.75,1.9,3.5,4.1,2.05,3.3,3.75,2.11,3.44,3.93,2.1,3.3,3.8,2.05,3.5,4,48,2.11,2.07,3.5
E0,26-02-2017,Tottenham,Stoke,4,0,H,4,0,H,J Moss,21,5,9,3,11,14,8,5,2,3,0,0,1.44,5,7.5,1.4,4.75,8.25,1.4,4.8,7.5,1.4,4.5,8,1.43,4.89,8.49,1.44,4.5,8,1.44,4.8,8,47,1.45,1.42,5.1
E0,27-02-2017,Leicester,Liverpool,3,1,H,2,0,H,M Oliver,13,17,7,7,8,5,5,12,0,0,0,0,5.5,4.2,1.65,5.75,4,1.6,5,3.7,1.7,5.25,4,1.6,5.75,4.27,1.63,5.5,3.8,1.67,6,4.2,1.6,47,6,5.66,4.27
E0,04-03-2017,Leicester,Hull,3,1,H,1,1,D,M Dean,17,10,5,4,12,13,10,4,1,1,0,0,1.85,3.6,4.75,1.85,3.5,4.5,1.8,3.6,4.5,1.8,3.4,4.5,1.87,3.55,4.92,1.85,3.4,4.8,1.83,3.6,5,46,1.91,1.85,3.8
E0,04-03-2017,Liverpool,Arsenal,3,1,H,2,0,H,R Madley,18,7,7,3,8,15,9,3,1,2,0,0,2.15,3.6,3.6,2.05,3.5,3.6,2,3.4,3.8,2.05,3.3,3.5,2.14,3.51,3.73,2.15,3.4,3.6,2.15,3.6,3.6,46,2.2,2.11,3.62
E0,04-03-2017,Man United,Bournemouth,1,1,D,1,1,D,K Friend,20,3,7,1,9,11,15,2,3,2,0,1,1.25,6.5,15,1.25,6,12,1.2,6.5,15,1.25,6,12,1.27,6.55,12.75,1.25,6,13,1.25,6,13,47,1.28,1.25,6.55
E0,04-03-2017,Stoke,Middlesbrough,2,0,H,2,0,H,C Pawson,13,8,8,2,16,20,6,1,1,2,0,0,1.95,3.4,4.5,1.95,3.3,4.33,2,3.4,3.8,1.91,3.2,4.33,2,3.3,4.6,1.95,3.3,4.5,1.93,3.4,4.75,47,2.06,1.95,3.4
E0,04-03-2017,Swansea,Burnley,3,2,H,1,1,D,A Taylor,23,6,10,4,7,13,9,2,2,2,0,0,2,3.5,4.2,2,3.4,3.9,1.9,3.5,4.1,2,3.2,4,2.05,3.35,4.27,2,3.4,4,2.05,3.4,4.1,46,2.11,2.01,3.5
E0,04-03-2017,Watford,Southampton,3,4,A,1,2,A,J Moss,16,20,4,11,16,9,6,5,3,2,0,0,3.6,3.4,2.2,3.5,3.2,2.2,3.15,3.3,2.3,3.4,3.25,2.15,3.54,3.38,2.26,3.5,3.1,2.3,3.7,3.3,2.2,46,3.7,3.51,3.4
E0,04-03-2017,West Brom,Crystal Palace,0,2,A,0,0,D,M Jones,11,10,1,4,8,12,5,5,0,1,0,0,2.2,3.3,3.8,2.2,3.1,3.6,2,3.4,3.8,2.15,3.1,3.6,2.23,3.28,3.74,2.2,3.1,3.8,2.2,3.2,3.75,47,2.28,2.19,3.4
E0,05-03-2017,Sunderland,Man City,0,2,A,0,1,A,M Atkinson,11,14,3,7,11,4,6,4,1,0,0,0,11,6.5,1.29,10,6,1.28,9.5,5.5,1.3,10,5.75,1.29,10.81,6.35,1.3,11,5.5,1.3,10.5,6,1.3,45,12,10.54,6.5
E0,05-03-2017,Tottenham,Everton,3,2,H,1,0,H,M Oliver,20,8,7,4,9,14,7,2,1,2,0,0,1.67,4.2,5.25,1.6,4,5.75,1.7,3.7,5,1.62,3.8,5.5,1.64,4.17,5.88,1.67,3.8,5.5,1.65,4.1,5.75,46,1.7,1.63,4.2
E0,06-03-2017,West Ham,Chelsea,1,2,A,0,1,A,A Marriner,11,9,2,4,8,8,6,4,0,1,0,0,6,4.1,1.62,5.75,4,1.6,5.7,3.9,1.6,5.25,4,1.62,5.75,4.3,1.63,6,4,1.62,6,4.1,1.62,46,6.2,5.74,4.3
E0,08-03-2017,Man City,Stoke,0,0,D,0,0,D,N Swarbrick,12,5,1,2,8,11,8,1,1,3,0,0,1.25,6.5,15,1.25,6,12.5,1.22,6.5,12.5,1.22,6.5,12,1.25,6.8,13.6,1.25,6,13,1.22,6.25,13,46,1.27,1.23,7.35
E0,11-03-2017,Bournemouth,West Ham,3,2,H,1,1,D,R Madley,21,15,9,7,20,15,5,6,4,2,0,0,2.6,3.5,2.8,2.5,3.4,2.8,2.5,3.3,2.85,2.5,3.3,2.75,2.67,3.4,2.84,2.62,3.3,2.8,2.63,3.5,2.8,45,2.7,2.59,3.55
E0,11-03-2017,Everton,West Brom,3,0,H,2,0,H,G Scott,16,5,5,2,8,12,4,6,1,2,0,0,1.67,3.8,6,1.6,3.7,5.75,1.65,3.8,5.3,1.62,3.75,5.75,1.68,3.89,6,1.7,3.75,5.5,1.7,3.75,6,43,1.7,1.67,3.97
E0,11-03-2017,Hull,Swansea,2,1,H,0,0,D,A Marriner,15,11,7,3,14,5,2,7,3,1,0,0,2.55,3.3,3,2.5,3.2,3,2.5,3.3,2.85,2.5,3.1,2.9,2.58,3.24,3.08,2.6,3.1,3,2.5,3.3,3.1,44,2.64,2.52,3.35
E0,12-03-2017,Liverpool,Burnley,2,1,H,1,1,D,C Pawson,10,11,3,1,12,16,11,1,2,2,0,0,1.25,6.5,14,1.22,6.5,12.5,1.22,6.2,13.5,1.22,6,13,1.26,6.55,13.5,1.25,6,13,1.22,6.5,15,44,1.26,1.24,6.75
E0,18-03-2017,Bournemouth,Swansea,2,0,H,1,0,H,M Dean,12,10,6,1,10,9,2,4,0,2,0,0,2.15,3.5,3.6,2.1,3.4,3.6,2.3,3.3,3.15,2.1,3.3,3.5,2.15,3.51,3.7,2.2,3.3,3.5,2.2,3.5,3.5,46,2.3,2.16,3.52
E0,18-03-2017,Crystal Palace,Watford,1,0,H,0,0,D,M Atkinson,7,6,0,2,8,15,3,2,0,2,0,0,1.91,3.5,4.75,1.9,3.5,4.2,2,3.4,3.8,1.91,3.3,4.33,1.94,3.45,4.63,1.91,3.4,4.5,1.95,3.5,4.5,46,2,1.92,3.57
E0,18-03-2017,Everton,Hull,4,0,H,1,0,H,P Tierney,14,6,8,0,9,7,5,8,2,0,0,1,1.53,4.33,7,1.53,4.1,6.75,1.5,4.2,6.5,1.5,4.2,6.5,1.52,4.46,7.15,1.53,4,7,1.5,4.33,7.5,45,1.54,1.51,4.5
E0,18-03-2017,Stoke,Chelsea,1,2,A,1,1,D,A Taylor,5,20,1,7,16,11,5,11,4,2,1,0,6.5,4,1.62,5.5,4.1,1.6,5.3,3.8,1.65,5.75,3.8,1.6,6.54,4.04,1.61,6,4,1.62,6.5,4,1.62,47,6.74,6.13,4.2
E0,18-03-2017,Sunderland,Burnley,0,0,D,0,0,D,R Madley,14,17,5,3,14,7,3,5,2,1,0,0,2.55,3.3,3,2.55,3.1,2.95,2.4,3.3,2.95,2.5,3.1,2.9,2.62,3.23,3.04,2.6,3.2,2.88,2.55,3.3,3,46,2.62,2.54,3.32
E0,18-03-2017,West Brom,Arsenal,3,1,H,1,1,D,N Swarbrick,12,11,8,2,5,6,4,5,1,0,0,0,5.25,4,1.73,4.75,3.9,1.72,5,3.7,1.7,4.75,3.8,1.7,5.36,4.02,1.71,5,3.8,1.73,5.25,4,1.7,46,5.5,5.09,4.06
E0,18-03-2017,West Ham,Leicester,2,3,A,1,3,A,R East,20,11,7,5,10,14,6,5,0,1,0,0,2.3,3.5,3.3,2.25,3.4,3.25,2.2,3.35,3.3,2.25,3.3,3.1,2.33,3.49,3.28,2.38,3.3,3.2,2.38,3.5,3.2,47,2.38,2.3,3.5
E0,19-03-2017,Man City,Liverpool,1,1,D,0,0,D,M Oliver,13,13,3,4,14,7,9,8,3,3,0,0,2,3.75,3.8,1.95,3.7,3.75,1.9,3.5,4.1,1.91,3.5,3.8,1.98,3.68,4.1,2,3.6,3.8,1.95,3.75,3.9,46,2.03,1.97,3.82
E0,19-03-2017,Middlesbrough,Man United,1,3,A,0,1,A,J Moss,10,14,3,6,9,8,8,3,1,1,0,0,6,3.7,1.7,5.75,3.7,1.65,5.3,3.8,1.65,5.5,3.6,1.67,5.97,3.8,1.69,5.5,3.6,1.7,5.75,3.7,1.73,46,6.3,5.69,3.9
E0,19-03-2017,Tottenham,Southampton,2,1,H,2,0,H,A Marriner,12,8,6,3,12,13,5,1,3,3,0,0,1.73,3.8,5.5,1.7,3.7,5.25,1.65,4,5,1.67,3.6,5.25,1.72,3.87,5.53,1.73,3.6,5.5,1.7,3.9,5.5,46,1.75,1.7,4
E0,01-04-2017,Burnley,Tottenham,0,2,A,0,0,D,S Attwell,13,19,2,7,9,6,3,7,2,0,0,0,5.75,3.8,1.7,5.5,3.8,1.65,5,3.7,1.7,5.5,3.75,1.65,6.07,3.91,1.67,5.5,3.75,1.7,5.75,3.9,1.67,46,6.07,5.5,3.95
E0,01-04-2017,Chelsea,Crystal Palace,1,2,A,1,2,A,C Pawson,24,8,11,3,12,14,9,3,3,2,0,0,1.3,5.75,12,1.26,5.75,11.5,1.25,6,11,1.29,5.25,12,1.3,5.9,12,1.29,5.5,12,1.29,5.75,13,46,1.31,1.28,6
E0,01-04-2017,Hull,West Ham,2,1,H,0,1,A,M Jones,7,12,3,4,16,9,5,5,2,2,0,0,2.45,3.4,3.1,2.4,3.3,3,2.5,3.3,2.85,2.4,3.25,2.9,2.47,3.42,3.1,2.5,3.3,3,2.45,3.5,3,47,2.56,2.45,3.5
E0,01-04-2017,Leicester,Stoke,2,0,H,1,0,H,L Mason,23,10,10,2,7,11,10,4,1,4,0,0,2.05,3.5,4,2,3.4,3.9,1.9,3.5,4.1,2,3.3,3.8,2.07,3.48,4,2.05,3.4,3.8,2.05,3.5,3.9,46,2.1,2.04,3.55
E0,01-04-2017,Liverpool,Everton,3,1,H,2,1,H,A Taylor,10,9,6,4,17,10,2,3,1,3,0,0,1.73,3.9,5.25,1.67,4,5,1.65,3.8,5.3,1.67,3.8,5,1.73,3.97,5.25,1.73,3.8,5,1.7,4,5.25,46,1.75,1.7,4.15
E0,01-04-2017,Man United,West Brom,0,0,D,0,0,D,M Dean,18,3,3,1,15,13,6,1,3,3,0,0,1.36,5,11,1.36,5,8.5,1.3,5.5,9.5,1.36,4.5,9.5,1.37,5.05,10.55,1.36,5,9,1.36,5,11,46,1.4,1.36,5.5
E0,01-04-2017,Southampton,Bournemouth,0,0,D,0,0,D,J Moss,14,12,4,3,14,8,6,3,1,0,0,0,1.65,4,6,1.62,3.9,5.75,1.6,3.9,5.7,1.62,3.8,5.25,1.67,4.13,5.57,1.62,4.2,5.5,1.62,4,5.75,46,1.69,1.64,4.2
E0,01-04-2017,Watford,Sunderland,1,0,H,0,0,D,L Probert,23,11,10,3,12,8,13,9,1,3,0,0,1.85,3.6,4.75,1.83,3.6,4.5,1.85,3.5,4.3,1.8,3.5,4.5,1.87,3.67,4.72,1.85,3.6,4.5,1.85,3.6,4.8,46,1.91,1.84,3.67
E0,02-04-2017,Arsenal,Man City,2,2,D,1,2,A,A Marriner,8,14,3,5,8,15,3,8,3,2,0,0,3.1,3.75,2.3,3.25,3.5,2.2,2.85,3.5,2.4,3,3.6,2.2,3.22,3.82,2.23,3.1,3.5,2.3,3.13,3.75,2.25,47,3.25,3.08,3.82
E0,02-04-2017,Swansea,Middlesbrough,0,0,D,0,0,D,R Madley,15,8,3,1,9,16,11,3,2,3,0,0,2,3.4,4.33,1.95,3.4,4.2,2,3.4,3.8,1.91,3.25,4.2,1.98,3.43,4.47,1.95,3.5,4.2,1.93,3.5,4.5,46,2.06,1.97,3.5
E0,04-04-2017,Burnley,Stoke,1,0,H,0,0,D,K Friend,7,15,3,2,9,16,3,5,3,2,0,0,2.5,3.1,3.3,2.4,3.1,3.25,2.4,3.3,2.95,2.4,3.1,3.3,2.48,3.07,3.43,2.5,3.1,3.1,2.5,3.1,3.3,45,2.55,2.45,3.3
E0,04-04-2017,Leicester,Sunderland,2,0,H,0,0,D,G Scott,19,15,8,3,12,13,5,6,0,1,0,0,1.45,4.5,8.5,1.42,4.6,7.75,1.5,4.2,6.5,1.44,4.33,8,1.48,4.61,7.92,1.44,4.33,8.5,1.45,4.5,8.5,45,1.5,1.45,4.7
E0,04-04-2017,Man United,Everton,1,1,D,0,1,A,N Swarbrick,18,11,3,4,10,18,6,5,1,4,0,1,1.57,4.2,6.5,1.55,4,6.5,1.55,4,6.2,1.57,4,6.5,1.57,4.23,6.75,1.57,4,6.5,1.57,4.2,6.5,46,1.61,1.57,4.3
E0,04-04-2017,Watford,West Brom,2,0,H,1,0,H,P Tierney,9,18,2,2,11,14,5,6,1,4,1,0,2.5,3.2,3.2,2.5,3.2,2.95,2.5,3.3,2.85,2.5,3.1,3.1,2.56,3.16,3.19,2.5,3.1,3.1,2.5,3.2,3.2,45,2.56,2.49,3.3
E0,05-04-2017,Arsenal,West Ham,3,0,H,0,0,D,M Atkinson,21,7,8,2,11,5,5,0,2,2,0,0,1.4,5.25,8,1.36,5.25,8,1.4,4.8,7.5,1.36,5,7.5,1.42,5.32,7.89,1.4,5,8,1.36,5.25,8,45,1.43,1.39,5.35
E0,05-04-2017,Chelsea,Man City,2,1,H,2,1,H,M Dean,10,17,4,7,10,14,2,9,1,3,0,0,2.4,3.5,3.1,2.3,3.4,3.1,2.2,3.35,3.3,2.3,3.5,2.9,2.41,3.56,3.08,2.4,3.3,3.1,2.38,3.5,3.13,45,2.45,2.37,3.56
E0,05-04-2017,Hull,Middlesbrough,4,2,H,3,2,H,M Oliver,17,12,5,4,13,12,8,4,2,1,0,0,2.05,3.3,4.2,2,3.3,4,2.2,3.35,3.3,2,3.1,4,2.08,3.32,4.2,2.05,3.2,4.2,2.1,3.3,4.1,45,2.2,2.05,3.5
E0,05-04-2017,Liverpool,Bournemouth,2,2,D,1,1,D,L Mason,20,7,8,2,11,8,7,2,1,1,0,0,1.36,5.25,9.5,1.36,5.25,8.25,1.3,5.5,9.5,1.36,5,8,1.4,5.31,8.45,1.36,5,9,1.36,5.25,9,46,1.43,1.38,5.5
E0,05-04-2017,Southampton,Crystal Palace,3,1,H,1,1,D,R East,25,17,9,3,16,11,11,11,2,1,0,0,1.83,3.7,4.75,1.8,3.5,4.75,1.8,3.6,4.5,1.8,3.5,4.5,1.84,3.7,4.86,1.83,3.5,4.8,1.85,3.6,4.8,45,1.91,1.83,3.7
E0,05-04-2017,Swansea,Tottenham,1,3,A,1,0,H,J Moss,4,18,1,8,7,8,5,7,1,1,0,0,5,4,1.73,5,3.75,1.7,5.3,3.8,1.65,4.75,3.8,1.7,5.33,3.97,1.72,5,3.8,1.73,5.4,4,1.7,45,5.35,5.04,4
E0,08-04-2017,Bournemouth,Chelsea,1,3,A,1,2,A,A Marriner,12,15,1,5,7,11,4,4,2,3,0,0,6.5,4,1.6,6.25,4.1,1.55,6.2,4,1.55,5.75,4,1.57,6.35,4.26,1.59,6,3.6,1.62,6.5,4.2,1.57,45,6.74,6.2,4.3
E0,08-04-2017,Man City,Hull,3,1,H,1,0,H,J Moss,23,6,7,1,6,8,7,3,0,2,0,0,1.2,7.5,17,1.19,7.25,14,1.17,7.5,15,1.2,7,13,1.22,7.6,14.85,1.22,6,13,1.2,7.5,17,47,1.22,1.2,7.6
E0,08-04-2017,Middlesbrough,Burnley,0,0,D,0,0,D,M Atkinson,12,7,5,2,9,12,4,3,0,3,0,0,2.45,3.1,3.4,2.4,3.1,3.2,2.5,3.3,2.85,2.38,3,3.25,2.42,3.15,3.45,2.4,3,3.2,2.45,3.13,3.4,46,2.5,2.42,3.3
E0,08-04-2017,Stoke,Liverpool,1,2,A,1,0,H,M Dean,9,14,4,4,7,11,5,8,0,2,0,0,4,3.75,1.95,4,3.6,1.91,4.3,3.5,1.85,3.8,3.6,1.91,4.06,3.71,1.98,4,3.4,1.95,4.1,3.7,1.95,46,4.4,4,3.8
E0,08-04-2017,Tottenham,Watford,4,0,H,3,0,H,A Taylor,19,8,6,2,12,12,7,5,0,1,0,0,1.25,6.5,15,1.25,6,11.5,1.3,5.5,9.5,1.22,6,13,1.25,6.6,14,1.25,5.5,12,1.22,6.5,18,46,1.3,1.24,6.74
E0,08-04-2017,West Brom,Southampton,0,1,A,0,1,A,C Kavanagh,17,10,6,3,12,12,7,3,2,2,0,0,3,3.3,2.55,2.95,3.3,2.45,2.85,3.3,2.5,3,3.1,2.4,3.11,3.31,2.52,2.8,3.1,2.6,2.9,3.25,2.63,46,3.2,3,3.31
E0,08-04-2017,West Ham,Swansea,1,0,H,1,0,H,K Friend,14,4,6,1,12,12,4,3,5,1,0,0,2.1,3.6,3.7,2.05,3.6,3.5,2.1,3.4,3.5,2.05,3.3,3.6,2.09,3.49,3.92,2.1,3.3,3.5,2.1,3.6,3.7,47,2.17,2.09,3.62
E0,09-04-2017,Everton,Leicester,4,2,H,3,2,H,R Madley,12,6,7,4,8,15,4,6,2,2,0,0,1.75,3.9,5,1.72,3.6,5.25,1.65,3.8,5.3,1.73,3.8,4.5,1.76,3.98,4.95,1.75,3.5,5,1.73,3.8,5.25,44,1.79,1.73,3.98
E0,09-04-2017,Sunderland,Man United,0,3,A,0,1,A,C Pawson,9,18,4,9,14,20,4,5,1,5,1,0,10,5.25,1.36,9,5,1.35,7.5,4.8,1.4,10,5,1.33,10.52,5.32,1.36,10,4.5,1.36,8.5,5.25,1.3,45,11,9.93,5.32
E0,10-04-2017,Crystal Palace,Arsenal,3,0,H,1,0,H,M Oliver,17,11,6,3,11,10,5,8,0,1,0,0,4.5,3.9,1.83,4.6,3.8,1.75,5,3.7,1.7,4,3.8,1.8,4.37,3.96,1.85,4.33,3.5,1.83,4.4,3.9,1.83,44,5,4.33,4
E0,15-04-2017,Crystal Palace,Leicester,2,2,D,0,1,A,M Dean,15,6,4,2,10,16,8,5,0,2,0,0,1.73,3.6,4.75,1.8,3.5,4.4,1.8,3.6,4.5,1.75,3.6,4.75,1.78,3.85,5.1,1.8,3.6,4.5,1.75,3.8,5.2,44,1.84,1.77,3.85
E0,15-04-2017,Everton,Burnley,3,1,H,0,0,D,M Clattenburg,29,13,7,6,15,14,6,7,2,0,0,0,1.4,4.5,8,1.45,4.25,6.75,1.45,4.5,7,1.4,4.33,8,1.43,4.82,8.67,1.44,4.33,7.5,1.45,4.6,8.5,43,1.48,1.44,4.82
E0,15-04-2017,Southampton,Man City,0,3,A,0,0,D,N Swarbrick,8,18,1,5,9,8,3,8,3,0,0,0,4.33,4,1.73,4.5,3.8,1.7,5,3.7,1.7,4.2,3.8,1.75,4.66,4.1,1.78,4.4,3.8,1.75,4.5,4,1.8,43,5,4.45,4.1
E0,15-04-2017,Stoke,Hull,3,1,H,1,0,H,S Attwell,14,14,4,3,12,5,3,7,0,2,0,0,1.95,3.3,4,1.91,3.4,4,1.85,3.5,4.3,1.91,3.3,4,1.98,3.54,4.3,2,3.4,3.8,2,3.4,4.33,43,2.04,1.97,3.54
E0,15-04-2017,Sunderland,West Ham,2,2,D,1,1,D,A Marriner,14,7,4,3,14,10,8,1,1,0,0,1,3.3,3.25,2.2,3.2,3.4,2.15,3.05,3.4,2.3,3.1,3.4,2.25,3.24,3.54,2.33,3.1,3.4,2.25,3.3,3.5,2.3,43,3.36,3.17,3.54
E0,15-04-2017,Tottenham,Bournemouth,4,0,H,2,0,H,M Oliver,24,5,14,1,8,10,13,1,0,1,0,0,1.25,6,10,1.25,5.75,10.5,1.25,6,11,1.25,6,11,1.27,6.67,12.45,1.25,6,11,1.25,6.5,11.5,44,1.3,1.26,6.67
E0,15-04-2017,Watford,Swansea,1,0,H,1,0,H,L Mason,15,13,7,4,8,13,6,2,0,0,0,0,2.4,3.3,2.9,2.35,3.2,3,2.4,3.4,2.9,2.4,3.2,2.9,2.57,3.3,3.05,2.4,3.2,3,2.5,3.3,3.1,43,2.58,2.48,3.4
E0,16-04-2017,Man United,Chelsea,2,0,H,1,0,H,R Madley,9,5,3,0,16,20,1,3,3,3,0,0,2.55,3.2,2.8,2.6,3.1,2.75,2.65,3.3,2.65,2.5,3,2.9,2.67,3.2,3,2.5,3.2,2.88,2.6,3.2,3,43,2.82,2.63,3.3
E0,16-04-2017,West Brom,Liverpool,0,1,A,0,1,A,J Moss,7,15,2,2,15,9,4,4,3,1,0,0,4,3.8,1.8,4.25,3.6,1.8,4.5,3.6,1.8,4,3.6,1.85,4.34,3.7,1.93,4.2,3.75,1.8,4.5,3.7,1.87,43,4.5,4.29,3.8
E0,17-04-2017,Middlesbrough,Arsenal,1,2,A,0,1,A,A Taylor,13,12,5,4,11,16,2,4,2,2,0,0,7,4,1.5,6.25,3.9,1.53,6.2,4,1.55,6,4.2,1.53,6.72,4.39,1.55,6.5,4.2,1.5,6.5,4.33,1.55,42,7,6.33,4.5
E0,22-04-2017,Bournemouth,Middlesbrough,4,0,H,2,0,H,G Scott,20,5,10,2,4,14,4,3,0,2,0,1,1.85,3.75,4.5,1.87,3.6,4.25,1.85,3.6,4.2,1.85,3.6,4,1.93,3.79,4.24,1.83,3.4,4.5,1.87,3.75,4.5,44,1.93,1.86,3.8
E0,22-04-2017,Hull,Watford,2,0,H,0,0,D,R Madley,8,13,3,2,10,11,4,7,3,1,1,0,1.91,3.7,4.33,1.87,3.5,4.4,1.85,3.6,4.2,1.85,3.5,4,1.92,3.7,4.37,1.95,3.1,4.33,1.91,3.6,4.5,43,1.95,1.9,3.75
E0,22-04-2017,Swansea,Stoke,2,0,H,1,0,H,M Oliver,10,9,6,3,5,14,11,4,2,2,0,0,2.2,3.4,3.6,2.2,3.25,3.5,2.1,3.4,3.5,2.1,3.3,3.5,2.15,3.53,3.68,2.25,3.1,3.5,2.2,3.4,3.6,44,2.26,2.18,3.53
E0,22-04-2017,West Ham,Everton,0,0,D,0,0,D,R East,15,4,3,0,9,15,8,4,2,3,0,0,3.3,3.6,2.25,3.3,3.4,2.2,3.5,3.4,2.1,3.1,3.5,2.2,3.27,3.68,2.26,3.4,3.1,2.25,3.25,3.6,2.3,43,3.5,3.23,3.68
E0,23-04-2017,Burnley,Man United,0,2,A,0,2,A,A Taylor,8,12,0,6,17,16,3,3,2,1,0,0,5.75,4,1.67,5.25,3.9,1.65,5.5,4,1.6,5.5,3.6,1.65,5.95,3.93,1.68,6,3.2,1.7,6.25,3.75,1.65,44,6.25,5.66,4
E0,23-04-2017,Liverpool,Crystal Palace,1,2,A,1,1,D,A Marriner,14,7,1,3,8,10,4,3,1,2,0,0,1.5,4.75,7,1.48,4.33,7,1.45,4.4,7.2,1.48,4.5,6.5,1.5,4.91,6.63,1.5,4,7,1.45,4.75,7.5,44,1.51,1.49,4.91
E0,25-04-2017,Chelsea,Southampton,4,2,H,2,1,H,L Mason,17,12,7,4,13,9,6,7,2,2,0,0,1.45,4.6,8.5,1.42,4.5,8,1.45,4.4,7.2,1.4,4.33,7.5,1.44,4.72,8.66,1.44,4.33,8,1.45,4.6,8,43,1.5,1.44,4.75
E0,26-04-2017,Arsenal,Leicester,1,0,H,0,0,D,M Jones,12,7,5,3,9,13,12,1,2,4,0,0,1.6,4.5,5.75,1.57,4.33,5.5,1.6,4.2,5.2,1.55,4.33,5.25,1.61,4.54,5.6,1.57,4.2,5.5,1.6,4.5,5.5,42,1.64,1.6,4.55
E0,26-04-2017,Crystal Palace,Tottenham,0,1,A,0,0,D,J Moss,6,18,1,4,13,15,2,11,3,3,0,0,5.5,4.2,1.65,5.25,4.1,1.62,4.7,3.9,1.7,5,4,1.62,5.68,4.22,1.65,5.5,3.6,1.67,5.5,4.2,1.65,42,5.8,5.41,4.25
E0,26-04-2017,Middlesbrough,Sunderland,1,0,H,1,0,H,M Dean,6,10,2,4,15,11,3,5,3,3,0,0,2.3,3.4,3.4,2.2,3.3,3.4,2.1,3.4,3.5,2.15,3.3,3.3,2.23,3.44,3.58,2.25,3.3,3.2,2.3,3.4,3.4,42,2.3,2.22,3.45
E0,27-04-2017,Man City,Man United,0,0,D,0,0,D,M Atkinson,19,3,6,1,10,8,7,4,1,0,0,1,1.91,3.75,4.2,1.87,3.75,4,1.9,3.5,4.1,1.85,3.5,4.2,1.89,3.77,4.42,1.85,3.75,4,1.93,3.6,4.3,42,1.94,1.88,3.8
E0,29-04-2017,Crystal Palace,Burnley,0,2,A,0,1,A,R Madley,15,9,5,3,11,12,14,4,2,0,0,0,1.75,3.5,4.75,1.75,3.5,4.75,1.8,3.6,4.5,1.83,3.6,4.6,1.8,3.63,5.02,1.83,3.5,4.4,1.8,3.6,5,44,1.85,1.8,3.75
E0,29-04-2017,Southampton,Hull,0,0,D,0,0,D,M Dean,11,9,2,1,9,13,6,6,0,3,0,0,1.6,3.75,5.75,1.62,3.9,5,1.7,3.9,4.6,1.66,3.75,5.5,1.64,4.06,5.77,1.67,3.8,5,1.67,4,5.75,44,1.72,1.66,4.06
E0,29-04-2017,Stoke,West Ham,0,0,D,0,0,D,L Probert,19,12,4,4,12,3,5,3,1,0,0,0,2,3.5,3.6,2.15,3.3,3.3,2.1,3.3,3.6,2.15,3.3,3.4,2.08,3.45,3.85,2.15,3.4,3.3,2.1,3.5,3.8,44,2.16,2.09,3.5
E0,29-04-2017,Sunderland,Bournemouth,0,1,A,0,0,D,S Attwell,17,15,5,7,13,9,6,5,3,2,0,0,3,3.4,2.3,2.8,3.5,2.35,3.05,3.4,2.3,3,3.5,2.4,3.02,3.6,2.37,2.9,3.4,2.38,3,3.6,2.45,44,3.05,2.95,3.6
E0,29-04-2017,West Brom,Leicester,0,1,A,0,1,A,M Clattenburg,16,6,4,1,14,9,5,6,2,2,0,0,2.4,3.5,2.75,2.4,3.3,2.85,2.6,3.3,2.7,2.4,3.5,2.75,2.54,3.38,2.94,2.5,3.3,2.8,2.6,3.4,2.9,43,2.6,2.5,3.5
E0,30-04-2017,Everton,Chelsea,0,3,A,0,0,D,J Moss,12,11,4,5,13,11,2,4,3,4,0,0,3.5,3.6,2,3.75,3.3,2,3.8,3.4,2,3.4,3.6,2.05,3.77,3.67,2.03,3.5,3.5,2.05,3.9,3.7,2,44,3.9,3.68,3.7
E0,30-04-2017,Man United,Swansea,1,1,D,1,0,H,N Swarbrick,12,12,6,4,11,13,5,2,2,2,0,0,1.36,4.75,8,1.33,4.75,9,1.3,5.5,9.5,1.3,4.6,9,1.37,5.04,10.06,1.36,4.75,8.5,1.36,5,10,44,1.43,1.37,5.5
E0,30-04-2017,Middlesbrough,Man City,2,2,D,1,0,H,K Friend,14,22,6,4,9,9,4,11,4,4,0,0,13,5.25,1.25,10,5,1.3,9.5,5.5,1.3,9,5.5,1.28,11.39,5.93,1.29,9,5,1.33,13,5.75,1.29,44,13,10.68,6
E0,30-04-2017,Tottenham,Arsenal,2,0,H,0,0,D,M Oliver,20,12,11,4,7,15,14,5,1,3,0,0,1.85,3.75,4,1.9,3.6,3.8,1.9,3.65,3.9,1.9,3.75,3.9,1.86,3.94,4.15,1.85,4,3.75,1.91,3.9,4,44,1.95,1.88,4
E0,01-05-2017,Watford,Liverpool,0,1,A,0,1,A,C Pawson,9,12,2,8,11,9,3,5,3,1,0,0,5.75,4.5,1.5,6,4,1.53,6,4.5,1.5,5.5,4.2,1.53,6.61,4.4,1.53,6,4,1.55,6.25,4.4,1.55,41,6.62,6.09,4.5
E0,05-05-2017,West Ham,Tottenham,1,0,H,0,0,D,A Taylor,13,11,5,5,8,9,3,7,4,2,0,0,8.5,5.25,1.4,8,5.25,1.36,7.5,4.8,1.4,8.5,4.8,1.4,9.4,5.35,1.37,8,5,1.4,9,5.25,1.36,44,9.4,8.54,5.5
E0,06-05-2017,Bournemouth,Stoke,2,2,D,0,1,A,P Tierney,12,14,2,3,10,15,0,7,2,0,0,0,2.25,3.6,3.3,2.2,3.4,3.3,2.1,3.4,3.5,2.2,3.6,3.3,2.24,3.5,3.47,2.25,3.2,3.3,2.25,3.6,3.3,43,2.25,2.2,3.6
E0,06-05-2017,Burnley,West Brom,2,2,D,0,0,D,M Jones,14,11,4,3,9,14,5,8,1,3,0,0,2.25,3.3,3.6,2.25,3.25,3.4,1.9,3.5,4.1,2.2,3.25,3.5,2.31,3.2,3.64,2.25,3.2,3.3,2.3,3.2,3.6,43,2.31,2.24,3.5
E0,06-05-2017,Hull,Sunderland,0,2,A,0,0,D,N Swarbrick,16,12,6,5,10,8,7,4,3,1,0,0,1.44,4.75,8,1.44,4.6,7.5,1.45,4.5,7,1.4,4.33,7.5,1.49,4.7,7.29,1.44,4.33,7.5,1.45,4.75,8,43,1.51,1.45,4.75
E0,06-05-2017,Leicester,Watford,3,0,H,1,0,H,R East,11,14,5,7,8,10,10,1,0,0,0,0,1.57,4.2,6.5,1.57,4.1,6,1.6,3.8,6,1.53,3.9,7,1.61,4.16,6.38,1.57,3.75,6.5,1.57,4.2,6.5,43,1.61,1.58,4.25
E0,06-05-2017,Man City,Crystal Palace,5,0,H,1,0,H,M Oliver,26,5,12,2,12,8,9,3,1,3,0,0,1.29,6.5,11,1.28,6.25,9.5,1.25,6,11,1.28,5.75,11,1.3,6.6,10.25,1.25,6,11,1.29,6.5,11.5,40,1.3,1.27,6.8
E0,06-05-2017,Swansea,Everton,1,0,H,1,0,H,M Atkinson,9,8,4,2,5,13,9,5,0,0,0,0,2.8,3.5,2.63,2.75,3.4,2.55,2.6,3.5,2.6,2.6,3.5,2.5,2.81,3.48,2.65,2.75,3.4,2.62,2.8,3.5,2.63,42,2.82,2.76,3.5
E0,07-05-2017,Arsenal,Man United,2,0,H,0,0,D,A Marriner,9,10,4,4,14,10,5,9,1,0,0,0,1.91,3.7,4.33,1.85,3.7,4.25,2.1,3.4,3.5,1.85,3.6,4.33,1.94,3.72,4.22,1.91,3.6,4.2,1.91,3.7,4.3,43,2.1,1.92,3.75
E0,07-05-2017,Liverpool,Southampton,0,0,D,0,0,D,R Madley,17,4,8,0,9,4,3,6,1,3,0,0,1.62,4.2,6,1.6,4.1,5.5,1.5,4.2,6.5,1.57,3.9,6,1.61,4.21,6.12,1.62,4,6,1.6,4.33,6,43,1.62,1.59,4.33
E0,08-05-2017,Chelsea,Middlesbrough,3,0,H,2,0,H,C Pawson,21,2,7,1,8,21,8,1,0,2,0,0,1.17,9,19,1.17,7.5,17,1.15,7.5,18,1.15,7.5,15,1.18,8.29,18.22,1.14,8.5,19,1.15,8.5,22,42,1.19,1.16,9.17
E0,10-05-2017,Southampton,Arsenal,0,2,A,0,0,D,J Moss,14,11,3,4,5,5,8,5,1,2,0,0,3.6,3.8,2.05,3.5,3.75,2,3.7,3.5,2,3.4,3.5,2,3.69,3.75,2.07,3.6,3.6,2,3.6,3.8,2.05,42,3.75,3.58,3.8
E0,12-05-2017,Everton,Watford,1,0,H,0,0,D,K Friend,15,14,6,2,7,11,9,8,0,3,0,0,1.5,4.5,7.5,1.45,4.5,7.25,1.5,4.2,6.5,1.4,4.5,7.5,1.45,4.79,8.05,1.44,4.33,7,1.45,4.8,7.5,44,1.5,1.45,4.8
E0,12-05-2017,West Brom,Chelsea,0,1,A,0,0,D,M Oliver,7,24,2,5,13,8,5,8,3,0,0,0,10,5.25,1.36,8.5,5,1.36,9.5,5.5,1.3,9,5.2,1.36,9.65,5.15,1.38,10,4.4,1.36,10,5,1.36,43,10,9.46,5.5
E0,13-05-2017,Bournemouth,Burnley,2,1,H,1,0,H,L Probert,18,14,6,3,6,11,7,1,0,1,0,0,1.91,3.75,4.2,1.91,3.6,4,2,3.4,3.8,1.85,3.5,3.9,1.93,3.76,4.28,1.95,3.4,4,1.93,3.75,4.2,45,2,1.92,3.76
E0,13-05-2017,Man City,Leicester,2,1,H,2,1,H,R Madley,17,9,5,4,12,16,9,3,3,3,0,0,1.25,7,12,1.25,6.25,11.5,1.25,6,11,1.28,5.75,13,1.25,7,13,1.25,5.5,12,1.22,7,12,45,1.28,1.23,7.5
E0,13-05-2017,Middlesbrough,Southampton,1,2,A,0,1,A,A Taylor,14,14,3,4,19,11,6,3,3,0,0,0,4,3.6,2,3.8,3.5,2,4.1,3.5,1.9,3.8,3.3,2,3.91,3.68,2.03,3.6,3.4,2.05,4,3.5,2.05,45,4.1,3.84,3.68
E0,13-05-2017,Stoke,Arsenal,1,4,A,0,1,A,M Dean,10,10,4,6,13,7,7,6,1,2,0,0,4.75,4.1,1.75,4.75,4,1.7,4.6,4,1.7,4.2,3.9,1.7,4.61,4.16,1.78,4.5,3.8,1.73,4.6,4.1,1.75,45,4.8,4.56,4.18
E0,13-05-2017,Sunderland,Swansea,0,2,A,0,2,A,A Marriner,13,3,4,3,13,6,8,4,4,0,0,0,4.2,3.8,1.91,4.1,3.7,1.87,4.2,3.6,1.85,3.9,3.75,1.86,4.18,3.84,1.94,4,3.5,1.91,4,3.8,1.95,45,4.25,4.04,3.85
E0,14-05-2017,Crystal Palace,Hull,4,0,H,2,0,H,M Atkinson,12,9,4,0,13,14,3,7,3,5,0,0,2.1,3.6,3.75,2.05,3.4,3.75,2,3.4,3.8,1.9,3.5,3.7,2.11,3.63,3.69,2.05,3.4,3.75,2.05,3.6,3.8,44,2.11,2.06,3.64
E0,14-05-2017,Tottenham,Man United,2,1,H,1,0,H,J Moss,14,8,7,2,14,15,8,3,1,2,0,0,1.73,3.9,5.25,1.67,4,5,1.85,3.6,4.2,1.66,3.9,5.2,1.71,4.04,5.35,1.67,3.8,5,1.73,3.75,5.4,45,1.85,1.7,4.04
E0,14-05-2017,West Ham,Liverpool,0,4,A,0,1,A,N Swarbrick,10,26,3,11,5,10,4,6,2,0,0,0,5.25,4,1.7,5.5,3.75,1.65,4.7,3.9,1.7,4.8,3.9,1.7,5.62,4.2,1.65,5,3.9,1.7,5.5,4,1.67,44,5.62,5.26,4.2
E0,15-05-2017,Chelsea,Watford,4,3,H,2,1,H,L Mason,24,9,9,3,7,12,8,3,2,4,0,1,1.25,6.75,13,1.25,6.5,10,1.33,5.5,8,1.25,6.5,13,1.25,6.85,13.5,1.25,6,11,1.22,6.5,13,44,1.33,1.24,7.15
E0,16-05-2017,Arsenal,Sunderland,2,0,H,0,0,D,R East,36,6,13,2,15,10,17,3,4,2,0,0,1.09,13,29,1.09,11,23,1.12,9,20,1.1,9.5,29,1.1,13.62,28.49,1.1,9,26,1.11,11.5,26,43,1.12,1.09,13.62
E0,16-05-2017,Man City,West Brom,3,1,H,2,0,H,C Pawson,21,5,10,2,8,11,7,1,1,2,0,0,1.14,9,23,1.12,9.5,19,1.15,7.5,18,1.15,7.5,26,1.14,10.39,23.1,1.14,7.5,21,1.13,9.5,22,43,1.15,1.13,10.39
E0,17-05-2017,Southampton,Man United,0,0,D,0,0,D,M Dean,17,11,6,1,7,10,7,3,2,1,0,0,2.75,3.3,2.8,2.65,3.3,2.7,2.4,3.3,2.95,2.55,3.3,2.75,2.76,3.33,2.8,2.62,3.2,2.75,2.75,3.3,2.8,43,2.76,2.67,3.5
E0,18-05-2017,Leicester,Tottenham,1,6,A,0,2,A,M Oliver,12,26,5,12,11,8,4,4,3,1,0,0,4.5,3.8,1.85,4.25,3.6,1.85,3.6,3.6,2,4.33,3.8,1.8,4.44,3.78,1.88,4.5,3.5,1.8,4.33,3.8,1.87,43,4.5,4.29,3.8
E0,21-05-2017,Arsenal,Everton,3,1,H,2,0,H,M Oliver,17,22,9,7,10,15,4,6,2,4,1,0,1.45,5,7.5,1.42,4.6,7.5,1.45,4.5,7,1.36,4.8,7,1.42,5.29,7.75,1.4,5,7,1.36,5.2,8,42,1.45,1.42,5.29
E0,21-05-2017,Burnley,West Ham,1,2,A,1,1,D,R Madley,9,14,1,4,11,14,2,5,2,2,0,0,2.45,3.5,3,2.4,3.5,2.85,2.4,3.3,2.95,2.4,3.4,2.9,2.38,3.4,3.26,2.38,3.4,2.9,2.38,3.5,3.13,43,2.45,2.38,3.5
E0,21-05-2017,Chelsea,Sunderland,5,1,H,1,1,D,N Swarbrick,28,7,8,3,8,15,11,1,1,1,0,0,1.14,9,23,1.15,8.25,16.5,1.2,6.5,15,1.13,7.5,17,1.16,9.01,21.02,1.15,7.5,17,1.13,9,26,43,1.2,1.15,9.55
E0,21-05-2017,Hull,Tottenham,1,7,A,0,3,A,A Marriner,10,19,4,14,14,5,2,3,0,0,0,0,7,4.75,1.5,6.75,4.33,1.5,5.2,4.2,1.6,6.5,4.2,1.53,6.36,4.61,1.55,6,4.2,1.53,6.5,4.6,1.53,43,7,6.09,4.75
E0,21-05-2017,Leicester,Bournemouth,1,1,D,0,1,A,l Mason,21,10,5,4,11,10,9,1,4,1,0,0,2,3.6,4,1.91,3.7,3.9,1.9,3.6,3.9,1.95,3.75,3.75,1.91,3.75,4.35,1.95,3.75,3.6,1.93,3.75,4.1,43,2,1.92,3.85
E0,21-05-2017,Liverpool,Middlesbrough,3,0,H,1,0,H,M Atkinson,25,9,10,3,13,8,3,3,0,1,0,0,1.14,9,23,1.11,9.25,26,1.15,7.5,18,1.11,8.5,23,1.14,9.31,27.82,1.1,9,26,1.11,9,31,43,1.15,1.12,9.5
E0,21-05-2017,Man United,Crystal Palace,2,0,H,2,0,H,A Taylor,9,6,2,1,16,10,3,6,2,0,0,0,2.5,3.3,3.1,2.45,3.4,2.9,2.4,3.3,2.95,2.6,3.25,2.7,2.44,3.4,3.14,2.5,3.3,2.8,2.5,3.4,3,43,2.6,2.48,3.5
E0,21-05-2017,Southampton,Stoke,0,1,A,0,0,D,L Probert,14,14,6,3,12,10,4,10,2,4,0,0,1.8,3.8,4.75,1.75,3.8,4.75,1.7,3.7,5,1.73,3.7,4.4,1.8,3.95,4.73,1.75,3.75,4.5,1.8,3.8,4.5,43,1.8,1.77,3.95
E0,21-05-2017,Swansea,West Brom,2,1,H,0,1,A,M Dean,12,16,2,5,8,10,7,4,1,1,0,0,2.1,3.5,3.75,2.05,3.5,3.6,2,3.4,3.8,2,3.3,3.8,2.1,3.68,3.67,2.05,3.5,3.5,2.05,3.6,3.75,43,2.1,2.06,3.68
E0,21-05-2017,Watford,Man City,0,5,A,0,4,A,J Moss,6,15,3,9,12,10,4,5,1,0,0,0,11,6,1.3,9.75,6,1.28,11,5,1.3,12,5.5,1.22,11.51,6.21,1.29,10,5.5,1.29,13,6,1.25,41,13,10.78,6.25
